doi,is_relevant,journal,explanation,topic_words,authors,title,abstract
None,True,Remote Sensing of Environment,该论文标题和摘要中提到了地球观测和遥感技术，这与大气环境遥感技术（如大气成分分析）密切相关。,"['Earth observation', 'atmospheric composition', 'remote sensing']",Daniel P. Johnson,Calibrated spatial uncertainty for Earth observation foundation models via Matérn-motivated latent stochastic regularization,
None,False,Remote Sensing of Environment,该论文主要关注叶绿素含量的监测，与大气环境遥感技术（如空气质量监测、卫星观测、大气成分分析、气溶胶反演）没有直接关联。,"['chlorophyll index', 'leaf chlorophyll', 'monitoring']",Si Gao;Kai Yan;Jinhua Li;Cheng Huang;Xuanlong Ma;Wenjie Fan;Liangyun Liu;Qiao Wang,Structure-resistant chlorophyll index: A novel indicator for leaf chlorophyll content monitoring,
None,True,Remote Sensing of Environment,该论文利用Landsat卫星获取的地表温度数据，研究生物热变量对生物多样性的应用，这与大气环境遥感技术中的卫星观测和地表参数分析相关。,"['Landsat', 'surface temperature data', 'biodiversity']",Eduarda M.O. Silveira;Anna M. Pidgeon;Volker C. Radeloff,The BioThermal variables derived from Landsat surface temperature data for biodiversity applications,
None,True,Remote Sensing of Environment,该论文研究的是城市热力各向异性模型中的热点模拟，涉及阴影核的改进，这与大气环境遥感技术中的热红外遥感和空气质量监测相关，因为城市热力各向异性模型常用于分析城市热岛效应和大气污染物分布。,"['urban thermal anisotropy', 'shadow kernel', 'hotspot simulation']",Dandan Wang;James A. Voogt;Lu Jiang;Xinyang Liu;Qiyao Li;Huihui Xu;Zhenyuan Zhu;Yunhao Chen,A revised physically-based shadow kernel for improved hotspot simulation in urban thermal anisotropy models,
None,True,Remote Sensing of Environment,该论文标题和摘要明确涉及使用卫星图像（Landsat）进行大气校正的技术，这是大气环境遥感技术的一个重要方面。关键词如“大气校正”、“卫星图像”、“Landsat”和“伪不变特征”都与大气成分分析和遥感技术直接相关，表明该研究对大气环境遥感技术有显著关联。,"['atmospheric correction', 'satellite imagery', 'Landsat', 'pseudo-invariant features']",Wenchang Li;Tao He,LAPAC: A self-adaptive atmospheric correction method for fine-resolution satellite imagery using pseudo-invariant features from Landsat archive,
None,True,Remote Sensing of Environment,该论文使用Sentinel-2卫星观测数据来绘制加勒比地区海藻（Sargassum）的分布，属于利用卫星遥感技术进行环境监测的范畴，与大气环境遥感技术（如卫星观测、环境监测）密切相关。,"['Sentinel-2', 'Sargassum', 'Wider Caribbean Region']",Junnan Jiao;Chuanmin Hu;Brian B. Barnes,Maximizing the potential of Sentinel-2 satellite observations in mapping <em>Sargassum</em> seaweed in the Wider Caribbean Region,
None,True,Remote Sensing of Environment,该论文研究的是一种用于高分辨率C/S波段合成孔径雷达（SAR）图像匹配的鲁棒方法，涉及伪模式生成和频谱-空间联合学习。合成孔径雷达技术是大气环境遥感的重要手段，用于监测地表和大气参数，如空气质量、云层和气溶胶分布。因此，该研究与应用大气环境遥感技术密切相关。,"['SAR', 'image matching', 'pseudo-modality', 'spectrum-spatial learning']",Mingyang Song;Hong Zhang;Yukun Fan;Lu Tian;Yuzhou Liu;Yazhe Xie;Yinhaibing Ding,A robust method for high-resolution C/S-band SAR image matching via pseudo-modality generation and coupled spectrum-spatial learning,
None,False,Remote Sensing of Environment,该论文研究的是湿地划分的弱监督、基于湿度的动态框架，主要关注的是湿地识别和分布，与大气环境遥感技术（如空气质量监测、卫星观测、大气成分分析、气溶胶反演）相关性较低。论文中的关键词如'wetland delineation'、'globally distributed sites'、'weakly supervised'均未涉及大气环境遥感技术领域。,"['wetland delineation', 'globally distributed sites', 'weakly supervised']",Yang Li;Nandin-Erdene Tsendbazar;Kirsten de Beurs;Lassi Päkkilä;Lammert Kooistra,"A weakly supervised, wetness-based dynamic framework for wetland delineation across globally distributed sites",
None,True,Remote Sensing of Environment,该论文使用卫星遥感技术监测全球极端下午光合作用抑制，涉及卫星产品（GPP）和大气成分分析，与大气环境遥感技术密切相关。,"['photosynthesis', 'satellite-based', 'GPP', 'air quality', 'remote sensing']",Jingyu Lin;Xing Li;Xiaojun Li;Xuanlong Ma;Lei Fan;Sadegh Ranjbar;Jing M. Chen,"Tracking global extreme afternoon photosynthesis depression: Frequency, duration, and drivers from satellite-based hourly GPP products",
None,True,Remote Sensing of Environment,该论文的标题和摘要明确涉及从PACE卫星的SPEXone多角度偏振仪器中获取气溶胶和海洋色信息，这与大气环境遥感技术密切相关，特别是空气质量和海洋监测领域。,"['PACE', 'SPEXone', 'multi-angle polarimetry', 'aerosol retrieval', 'ocean color']",Meng Gao;Kamal Aryal;Peng-Wang Zhai;Kirk Knobelspiesse;Bryan Franz;Brian Cairns;Ivona Cetinić;Guangliang Fu;Otto Hasekamp;Amir Ibrahim;Andrew M. Sayer;P. Jeremy Werdell,Where sky meets sea: Integrated aerosol and ocean color retrieval from PACE SPEXone multi-angle polarimetry,
None,True,Remote Sensing of Environment,该论文研究的是从高反射表面量化短波辐射的邻近效应，这与大气环境遥感技术中的空气质量监测和大气成分分析相关，因为反射表面和辐射效应是大气光学和遥感的重要参数。,"['shortwave radiation', 'reflective surfaces', 'adjacency effect']",Wanchun Leng;Tianxing Wang;Xuewei Yan;Huabing Huang;Husi Letu;Ziqian Zhang,A scheme to quantify the adjacency effect of shortwave radiation from highly reflective surfaces,
None,True,Remote Sensing of Environment,该论文研究从太空测量多光谱土壤反射率的时空变化驱动因素，涉及卫星观测技术和地表特性分析，与大气环境遥感技术（如卫星观测、地表参数反演）密切相关。,"['multi-spectral', 'soil reflectance', 'space', 'continental-scale analysis']",Paul Karlshoefer;Christine Alewell;Pablo d’Angelo;Uta Heiden,Drivers of spectro-temporal variability in multi-spectral soil reflectance measured from space: A continental-scale analysis,
None,True,Remote Sensing of Environment,该论文研究的是将MAIAC算法扩展应用于TROPOMI卫星的测量数据，进行高光谱大气校正，特别是在植被区域的应用。这直接涉及大气环境遥感技术中的卫星观测、大气成分分析和大气校正技术，因此与大气环境遥感技术密切相关。,"['MAIAC algorithm', 'hyperspectral', 'atmospheric correction', 'TROPOMI', 'vegetated regions']",Sujung Go;Alexei Lyapustin;Yujie Wang;Sergey Korkin;Weizhen Hou;Xiong Liu;Jhoon Kim,Extending the MAIAC algorithm for hyperspectral atmospheric correction of TROPOMI measurements: A case study over vegetated regions,
None,True,Remote Sensing of Environment,该论文与大气环境遥感技术相关，因为GEDI（Global Ecosystem Dynamics Investigation）是一种利用激光雷达技术监测地球生态系统和生物量的卫星传感器，而论文探讨了如何利用坡度自适应波形指标来减轻地形对GEDI数据在区域生物量核算中的影响。这涉及到使用遥感数据进行大气和地表参数的监测与分析。,"['aboveground biomass', 'GEDI', 'waveform metrics']",Tianyu Yu;Wenjian Ni;Yunxiao Wang;Hao Tang;Zhiyu Zhang;Zhifeng Guo;Guoqing Sun,Mitigating terrain effects of GEDI data on regional accounting of aboveground biomass utilizing slope-adaptive waveform metrics,
None,False,Remote Sensing of Environment,该论文主要关注的是利用SWOT（Surface Water and Ocean Topography）卫星数据对地表水范围的测绘能力评估，涉及的是水体的监测和分析，而非大气环境遥感技术，如空气质量监测、卫星观测、大气成分分析或气溶胶反演等。,"['SWOT', 'water fraction', 'Level-2 High-Rate Raster']",Maurício C.R. Cordeiro;Mohammad J. Tourian;Santiago Peña-Luque;Renato Prata de Moraes Frasson;Daniel Moreira;Fabrice Papa;Tati de Almeida,Assessing SWOT's capability for surface water extent mapping: An evaluation of Level-2 High-Rate Raster water fraction,
None,True,Remote Sensing of Environment,这篇论文与大气环境遥感技术密切相关，因为它涉及使用GEDI（全球地球观测系统干涉仪）卫星数据来改进全球森林高度地图。森林高度是大气成分和结构的重要参数，通过遥感技术（如GEDI）获取这些数据有助于空气质量和大气组成分析。因此，该研究直接关联到大气环境遥感技术领域。,"['GEDI', 'global forest height maps', 'atmospheric remote sensing']",Eugene Seo;Sean P. Healey;Zhiqiang Yang;John D. Armston;Ralph O. Dubayah;Simon Ilyushchenko;Tiago De Conto;Matthew G. Betts,Beyond RMSE: The GEDI imputed waveform product minimizes artificial homogeneity evident in existing global forest height maps,
None,True,Remote Sensing of Environment,该论文与大气环境遥感技术密切相关，因为它涉及USGS Landsat卫星的Level 2表面温度和发射率产品，这些数据可用于大气成分分析和空气质量监测。,"['Landsat', 'surface temperature', 'emissivity product']",Saeed Arab;Chase Mueller;Christopher J. Crawford;Danika Wellington;Ray Dittmeier;Glynn Hulley;Aaron Gerace;Calli Jenkerson;Simon Hook;Amirhossein Hassanzadeh;Rehman Eon;Cody Anderson;Pat Scaramuzza;Frank M. Göttsche,Enhancements to the USGS Landsat Level 2 surface temperature and emissivity product for Collection 3 reprocessing,
None,False,Remote Sensing of Environment,该论文主要关注使用GRACE（重力辅助测地学实验）数据来监测中国全国的洪水易发区域，与大气环境遥感技术（如空气质量监测、卫星观测、大气成分分析、气溶胶反演）相关性较弱。,"['GRACE', 'flood-prone region', 'China']",Wei Ren;Yuyue Xu;Yubo Zhang;Shuang Luo;Jianli Chen;Chang-Qing Ke,An enhanced GRACE-based index for nationwide flood-prone region monitoring in China from 2003 to 2022,
None,True,Remote Sensing of Environment,该论文研究利用深度学习技术从亚米分辨率的遥感影像中提取森林生物量，这与大气环境遥感技术中的卫星观测和大气成分分析相关，因为遥感影像是大气环境监测的重要数据源，而生物量是大气化学过程的重要参数。,"['biomass', 'optical imagery', 'deep learning']",Sizhuo Li;Martin Brandt;Xiaoye Tong;Stefan Oehmcke;Christian Igel;Florian Reiner;Fabian Gieseke;Thomas Nord-Larsen;Rasmus Fensholt;Jerome Chave;Philippe Ciais,Deep learning tree and forest biomass from sub-meter resolution optical imagery,
None,True,Remote Sensing of Environment,该论文标题和摘要明确涉及“遥感图像”，并使用“时空交叉注意力Transformer”进行图像融合。这表明该研究与应用遥感技术（如卫星图像分析、大气成分监测等）密切相关，属于大气环境遥感技术领域。,"['remote sensing images', 'transformer', 'spatio-temporal cross attention']",Jun Li;Xiaowei He;Yantai Yang;Qinghong Sheng;Zhaocong Wu;Bo Wang;Xiao Ling;Xiang Liu;Yu Liu;Fan Gao;Libo Wang;Matthieu Molinier,STCAFormer: Spatio-temporal cross attention based transformer for fusion of remote sensing images,
None,True,Remote Sensing of Environment,该论文研究了不同有效散射反照率和土壤粗糙度参数化方案对SMAP土壤湿度和L-VOD反演的影响，涉及遥感技术和大气成分分析，与大气环境遥感技术高度相关。,"['SMAP', 'soil moisture', 'L-VOD retrieval', 'scattering albedo', 'soil roughness parameterization']",Yao Xiao;Xiaojun Li;Lei Fan;Andress Colliander;Ardeshir Ebtehaj;Jian Peng;Frédéric Frappart;Lanka Karthikeyan;Wei Zhao;Gabrielle De Lannoy;Patricia de Rosnay;Zanpin Xing;Mengjia Wang;Xiangzhuo Liu;Pariha Helili;Preethi Konkathi;Jean-Pierre Wigneron,Global comparison of different effective scattering albedo and soil roughness parameterization schemes for SMAP soil moisture and L-VOD retrieval,
None,True,Remote Sensing of Environment,该论文研究了水稻叶片病原体感染如何改变由辐射传输模型反演揭示的光谱-生化关系，这与大气环境遥感技术中的空气质量监测和大气成分分析密切相关，特别是涉及到光谱技术和模型反演方法。,"['spectral', 'biochemical', 'radiative transfer model', 'pathogen infection', 'leaf']",Long Tian;Susan L. Ustin;Yuanyuan Kong;Bowen Xue;Pablo J. Zarco-Tejada;Chongya Jiang;Xia Yao;Yufang Jin;Yan Zhu;Weixing Cao;Tao Cheng,Rice leaf pathogen infection alters the spectral–biochemical relationships revealed by radiative transfer model inversion,
None,True,Remote Sensing of Environment,该论文研究了使用GNSS-T技术对欧洲山毛榉林进行生态水文监测，评估了不同系统和频段特性在解析时间变动的VOD（植被含水量）动态方面的能力。虽然主要关注生态水文监测，但VOD动态解析涉及大气成分和遥感技术，因此与大气环境遥感技术（如大气成分分析）有较强的关联性。,"['GNSS-T', 'ecohydrological monitoring', 'temporal VOD dynamics']",Nicolas François Bader;Ruxandra-Maria Zotta;Eugenio Diaz-Pines;Gregor Möller;Walter Loderer;Thomas Kager;Wouter Dorigo,GNSS–T for ecohydrological monitoring of a european beech forest: Assessing different system and band characteristics for resolving temporal VOD dynamics,
None,False,Remote Sensing of Environment,该论文主要关注的是利用多尺度时空张量插值方法重建全球叶面积指数时间序列，这与大气环境遥感技术（如空气质量监测、卫星观测、大气成分分析、气溶胶反演）关系不大。虽然叶面积指数是生态学和环境科学中的一个重要参数，但该研究的技术和方法并非直接应用于大气环境的遥感监测。,"['leaf area index', 'spatiotemporal tensor', 'imputation']",Xinpei Yu;Kai Yan;Jiabin Pu;Jinxiu Liu;Jin Wu;Alexander J.Winkler;Qiao Wang,MUSTI: Multi-scale spatiotemporal tensor imputation for global leaf area index time series reconstruction,
None,False,Remote Sensing of Environment,该论文主要关注的是土壤和结构校正的MERIS陆地叶绿素指数，用于改进叶片叶绿素含量的估算。虽然涉及遥感技术，但重点在于植被监测而非大气环境遥感，如空气质量监测、卫星观测、大气成分分析或气溶胶反演等。因此，它与大气环境遥感技术的相关性不强。,"['MERIS', 'chlorophyll index', 'leaf chlorophyll content']",Runfei Zhang;Peiqi Yang,cscMTCI: A soil and structure corrected MERIS terrestrial chlorophyll index for improving leaf chlorophyll content estimation,
None,True,Remote Sensing of Environment,该论文研究的主题是利用散射模型和深度迁移学习框架来获取地表土壤湿度，虽然不是直接针对大气环境遥感技术，但土壤湿度是大气环境研究中的重要参数，可以通过遥感技术进行监测。因此，该论文与大气环境遥感技术有一定的相关性。,"['surface soil moisture retrieval', 'deep transfer learning', 'scattering model']",Zuo Wang;Jianhui Chen;Jiangyuan Zeng;Chang Huang;Lisheng Song;Yingying Chen;Liujun Zhu,A scattering model-informed deep transfer learning framework for surface soil moisture retrieval,
None,True,Remote Sensing of Environment,该论文研究了从卫星图像中获取水稻叶绿素的技术，涉及卫星观测和大气成分分析，与大气环境遥感技术密切相关。,"['satellite imagery', 'rice chlorophyll retrieval', 'RiceGORT', 'chlorophyll sensitivity enhancement']",Haoran Sun;Hifza Mariam;Junnan She;Ming Chen;Dong Li;Chongya Jiang;Xia Yao;Iftikhar Ali;Yan Zhu;Weixing Cao;Tao Cheng,Breaking barriers in rice chlorophyll retrieval from satellite imagery: Mitigating row structure and saturation effects via RiceGORT and chlorophyll sensitivity enhancement,
None,True,Remote Sensing of Environment,该论文研究了如何利用SMAP卫星的L波段辐射计在降雨条件下获取海表盐度，这属于大气环境遥感技术中的卫星观测和大气成分分析范畴。,"['sea surface salinity', 'SMAP L-band radiometry', 'rainfall conditions']",Xuchen Jin;Xianqiang He;Yan Bai;Yilei Wang;Lizhang Zhou;Shujie Yu;Teng Li;Fang Gong;Delu Pan,Retrieval of sea surface salinity from SMAP L-band radiometry under rainfall conditions,
None,True,Remote Sensing of Environment,该论文与大气环境遥感技术密切相关，因为它涉及使用地球静止卫星获取短波辐射数据，并通过校正地理位置偏差来改进辐射产品的质量。这些技术广泛应用于空气质量监测和大气成分分析。,"['geostationary satellite', 'shortwave radiation', 'geolocation displacement']",Wangkang She;Changkun Shao;Wenjun Tang;Guopeng Zhu;Zengqiang Pang;Tongfei Liu;Shuibao Liang;Kun Yang,Substantial improvement of geostationary satellite-derived shortwave radiation product through correcting geolocation displacement,
None,True,Remote Sensing of Environment,该论文使用Landsat和Sentinel-2卫星观测数据与近地表PhenoCam时间序列数据融合，以增强美国西部干旱地区的地表物候检测。这属于遥感技术在土地利用和生态监测中的应用，与大气环境遥感技术（如卫星观测、地表参数反演）密切相关，但主要关注地表物候而非大气成分或空气质量。,"['Landsat', 'Sentinel-2', 'PhenoCam', 'land surface phenology', 'remote sensing']",Yuxia Liu;Xiaoyang Zhang;Yu Shen;Yongchang Ye;Shuai An,Enhanced land surface phenology detections in the western U.S. drylands by fusing harmonized Landsat and Sentinel-2 observations with near-surface PhenoCam time series,
None,True,Remote Sensing of Environment,该论文研究了Sentinel 2卫星数据的归一化方法，特别是在热带森林区域，使用 nadir BRDF 调整反射率。这与大气环境遥感技术密切相关，因为Sentinel 2是用于卫星观测的重要传感器，而BRDF调整反射率是分析大气成分和空气质量的关键技术。,"['Sentinel 2', 'BRDF adjusted reflectance', 'tropical forests', 'remote sensing', 'atmospheric composition']",Pierre Ploton;Gaëlle Viennois;Florian de Boissieu;Erik Lindquist;Jean-Baptiste Féret;Daniel Wiell;Hervé Poilvé;Pierre Couteron;Raphaël Pélissier;Nicolas Barbier,Normalization of Sentinel 2 data over tropical forests to nadir BRDF adjusted reflectance,
None,False,Remote Sensing of Environment,该论文主要关注果树疾病的准确诊断，涉及一种新型双角度植被指数和冠层垂直分布知识，与大气环境遥感技术（如空气质量监测、卫星观测、大气成分分析、气溶胶反演）关系不大。,"['vegetation index', 'canopy vertical distribution', 'fruit trees']",Wenjie Zhang;Guijun Yang;Xinlian Liang;Xiaohong Liu;Jianbo Qi;Hao Yang;Haikuan Feng;Bo Li;Changyuan Zhai;Baoguo Wu;Xiaohui Su;Liping Chen;Chunjiang Zhao,Toward accurate disease diagnosis of fruit trees: Integrating a novel dual-angle vegetation index with canopy vertical distribution knowledge,
None,False,Remote Sensing of Environment,该论文主要关注的是三维森林地图的绘制，涉及实例分割、语义分割和物种分类等计算机视觉技术，以及自监督学习和迁移学习等机器学习方法。虽然森林环境与大气环境有一定关联（如植被对空气质量的影响），但文章的核心内容并非大气环境遥感技术，如空气质量监测、卫星观测、大气成分分析或气溶胶反演等。因此，该论文与大气环境遥感技术的关系较弱。,"['instance segmentation', 'semantic segmentation', 'species classification', 'self-supervised learning', 'transfer learning']",Aldino Rizaldy;Fabian Ewald Fassnacht;Ahmed Jamal Afifi;Hua Jiang;Richard Gloaguen;Pedram Ghamisi,"Label-efficient 3D forest mapping: Self-supervised and transfer learning for instance segmentation, semantic segmentation, and species classification",
None,True,Remote Sensing of Environment,该论文与大气环境遥感技术密切相关，因为它涉及使用卫星图像进行多灾害检测，并采用光谱语义图推理技术。这些技术广泛应用于空气质量监测、卫星观测和大气成分分析等领域。,"['satellite imagery', 'spectral-semantic graph reasoning', 'multi-hazard detection']",Wei Ao;Zhi Gao;Boan Chen;Xinyu Gong;Yuyang Zhai;Ziyao Li;Qiao Wang,Towards efficient multi-hazard detection from single satellite imagery via spectral-semantic graph reasoning,
None,True,Remote Sensing of Environment,该论文标题和摘要明确涉及使用光学遥感技术来监测海面风迹，并提取风向和风浪信息。这与大气环境遥感技术中的空气质量和海洋观测相关，属于遥感技术在海洋环境中的应用，因此与大气环境遥感技术有较强的关联性。,"['sea surface wind streaks', 'wind directions', 'wind waves']",Lifeng Wang;Yingcheng Lu;Chuanmin Hu,Optical remote sensing of sea surface wind streaks: Retrievals of wind directions and wind waves,
None,True,Remote Sensing of Environment,该论文研究了利用ICESat-2和Sentinel-1/2卫星数据，通过水力几何信息驱动的泄洪检索算法来估算未测量流域的径流量。这属于遥感技术在水文和环境监测中的应用，与大气环境遥感技术（如卫星观测和地理空间数据分析）密切相关。,"['ICESat-2', 'Sentinel-1/2', 'discharge retrieval algorithm']",Ziting Chen;Yonghong Yi;Huimin Lei;Jijun Xu;Li Liu;Lachun Wang;Chongyu Xu,A hydraulic-geometry informed discharge retrieval algorithm for ungauged basins using ICESat-2 and Sentinel-1/2: Application to Qinghai-Tibet Plateau,
None,True,Remote Sensing of Environment,该论文研究的是冠层反射率与叶片密度之间的关系，并提出了一个概率渲染框架。这涉及到遥感技术中的植被参数反演，与大气环境遥感技术（如大气成分分析、空气质量监测）相关，因为植被参数是影响大气质量的重要因素之一。,"['canopy reflectance', 'leaf density', 'probabilistic rendering framework']",Abdelaziz Kallel;Yingjie Wang;Jean Philippe Gastellu-Etchegorry,Derivative of canopy reflectance with respect to leaf density: A probabilistic rendering framework,
None,True,Remote Sensing of Environment,该论文使用多时相InSAR技术来揭示高填方运河的细尺度变形模式和机制，InSAR是一种通过卫星观测地表变形的技术，属于大气环境遥感技术的范畴，因此与大气环境遥感技术相关。,"['InSAR', 'multi-temporal', 'canals', 'deformation', 'atmospheric remote sensing']",Nan Wang;Yanru Yu;Haocheng Li;Jie Dong;Mingsheng Liao,Fine-scale deformation pattern and mechanism of high-fill canals revealed by multi-temporal InSAR,
None,False,Remote Sensing of Environment,标题为'编辑委员会'，摘要未提供，无法判断与大气环境遥感技术相关。,[],,Editorial Board,
None,True,International Journal of Applied Earth Observation and Geoinformation,该论文研究的是使用地形引导的三模态Mamba网络来绘制小冰期冰川，涉及遥感技术中的地表监测和冰川分析，与小冰期冰川相关的环境遥感技术有关。,"['glaciers', 'terrain-guided', 'Mamba network']",Jun Zhou;Shiyin Liu;Fuming Xie;Caixia Qin,Mamba-trident: terrain-guided tri-modal Mamba network for mapping little ice age glaciers,
None,True,International Journal of Applied Earth Observation and Geoinformation,该论文研究了叶绿素荧光和总初级生产力之间的关系，涉及植被生理和冠层结构，这与大气环境遥感技术中的植被监测和大气成分分析密切相关。,"['chlorophyll fluorescence', 'gross primary productivity', 'canopy structure']",Fangyi Lv;Kaimin Sun;Shunxia Miao;Yi Xu;Wei Cui;YePei Chen;Wenzhuo Li;Xiuqing Hu,Disentangling leaf physiology and canopy structure effects on solar-induced chlorophyll fluorescence and gross primary productivity: A multi-biome and cross-site assessment,
None,True,International Journal of Applied Earth Observation and Geoinformation,该论文研究的是一种基于物理约束的神经网络技术，用于重建全谱段的太阳诱导叶绿素荧光。虽然主要关注的是植被生理指标，但太阳诱导叶绿素荧光的重建通常涉及大气成分分析，特别是通过卫星遥感技术进行观测，因此与大气环境遥感技术（如卫星观测和大气成分分析）有较强的关联性。,"['physics-constrained neural network', 'solar-induced chlorophyll fluorescence', 'reconstruction']",Dianrun Zhao;Shanshan Du;Yulu Du;Xinjie Liu;Liangyun Liu,FSIF-PCNN: A physics-constrained neural network for full-spectrum solar-induced chlorophyll fluorescence reconstruction,
None,True,International Journal of Applied Earth Observation and Geoinformation,该研究使用SDGSAT-1夜间光影像来评估城市户外运动场地的照明质量，这与大气环境遥感技术中的卫星观测和城市环境分析相关，但主要关注的是照明而非空气质量或大气成分。,"['SDGSAT-1', 'nighttime light imagery', 'urban outdoor sports fields']",Tingrui Guo;Min Zhao;Zhuolin Tao;Jiaqi Fu;Xinyi Song;Yuyu Zhou,Assessment of lighting quality in urban outdoor sports fields using 10-m SDGSAT-1 nighttime light imagery,
None,True,International Journal of Applied Earth Observation and Geoinformation,该论文标题和摘要明确涉及使用地球观测数据（multi-source earth observation）和物理信息自监督框架（physics-informed self-supervised framework）进行近实时野火烧毁面积制图。这与大气环境遥感技术中的卫星观测和地表参数反演密切相关，属于大气环境监测和遥感应用领域。,"['wildfire burned area mapping', 'earth observation', 'self-supervised framework']",Mirza Waleed;Muhammad Bilal,BAM: A physics-informed self-supervised framework for near-real-time wildfire burned area mapping from multi-source earth observation,
None,False,International Journal of Applied Earth Observation and Geoinformation,该论文标题和摘要主要关注的是合成孔径雷达（SAR）技术在船舶生成方面的应用，涉及复杂背景下的物理散射引导和Mamba模型，与大气环境遥感技术（如空气质量监测、卫星观测、大气成分分析、气溶胶反演）关系不大。,"['SAR', 'ship generation', 'complex backgrounds']",Moran Ju;Changqi Wang;Si-Nian Jin,A physical Scattering-Guided Prior-Enhanced Mamba model for high-fidelity SAR ship generation in complex backgrounds,
None,True,International Journal of Applied Earth Observation and Geoinformation,该论文研究了无人机RGB和高光谱图像的深度空间-光谱融合技术，用于马铃薯植物病害检测。这涉及到遥感技术在农业领域的应用，特别是利用多光谱信息进行环境监测和植物健康评估，与大气环境遥感技术中的空气质量和植被监测有一定关联，因此认为其与大气环境遥感技术相关。,"['UAV', 'RGB imagery', 'hyperspectral imagery', 'disease detection']",Tianyi Jia;Magdalena Smigaj;Gert Kootstra;Lammert Kooistra,Deep spatial-spectral fusion of UAV RGB and hyperspectral imagery for potato plant disease detection,
None,False,International Journal of Applied Earth Observation and Geoinformation,该论文研究的是使用深度学习自动划定荷兰的产权边界，与大气环境遥感技术（如空气质量监测、卫星观测、大气成分分析、气溶胶反演）没有直接关系。,[],Jeroen Grift;Claudio Persello;Mila Koeva,From pixels to vectorized cadastral boundaries: Deep learning-based automated delineation of property boundaries in the Netherlands,
None,False,International Journal of Applied Earth Observation and Geoinformation,该论文的标题和摘要主要关注图像匹配和姿态先验学习，涉及计算机视觉和机器学习领域，与大气环境遥感技术（如空气质量监测、卫星观测、大气成分分析、气溶胶反演等）没有直接关系。,[],Hongyang Zhang;Yusheng Xu;Changyou Xu;Rong Huang;Zhen Ye;Yan Xia;Xiaohua Tong,Learning from noisy pose priors: Geometry-guided routing attention for robust image matching,
None,False,International Journal of Applied Earth Observation and Geoinformation,该论文研究的是利用多角度TECIS数据通过模型驱动敏感性分析方法进行森林生物量估算，与大气环境遥感技术（如空气质量监测、卫星观测、大气成分分析、气溶胶反演等）关系不大。,"['Multi-Angular TECIS', 'forest biomass estimation', 'Model-driven sensitivity analysis']",Xuexia Sun;Xiaoyao Li;Bingxiang Tan;Fayun Wu;Yuxuan Liu;Shimei Xiong,Feature selection from Multi-Angular TECIS data for forest biomass estimation using a Model-driven sensitivity analysis approach,
None,False,International Journal of Applied Earth Observation and Geoinformation,该论文研究的是利用VIIRS夜间灯光数据量化地震引起的建筑物损坏，并采用深度学习进行区域验证。这与大气环境遥感技术（如空气质量监测、卫星观测、大气成分分析、气溶胶反演）关系不大，主要关注地震灾害评估和深度学习方法。,"['VIIRS', 'nighttime lights', 'deep learning']",Hee-Su Joo;Seon-Gyu Kim;Jin-Hyeong Lee;Hyung-Sup Jung,Quantifying earthquake-induced building damage from VIIRS nighttime lights: A multi-scale framework with deep learning–based area validation,
None,False,International Journal of Applied Earth Observation and Geoinformation,这篇论文的主题是关于森林昆虫损害的预警，主要涉及空间时间先验知识和因子驱动建模，与大气环境遥感技术（如空气质量监测、卫星观测、大气成分分析、气溶胶反演）关系不大。,"['forest insect damage', 'spatiotemporal prior knowledge', 'factor-driven modeling']",Haoyan Zhang;Shiming Li;Yaozhong Pan,Integrating spatiotemporal prior knowledge from co-segmented time-series into factor-driven modeling for forest insect damage warning,
None,True,International Journal of Applied Earth Observation and Geoinformation,该论文研究印度的砖窑分布和技术类型，砖窑是主要的空气污染源之一，其排放的颗粒物和气态污染物对大气环境有显著影响。因此，该研究与环境遥感技术中的空气质量监测和大气成分分析密切相关。,"['brick kilns', 'atmospheric pollution', 'air quality monitoring']",Sugandha Arora;Clément Goldmann;Stefan Oehmcke;Jan Pauls;Chuanlong Zhou;Abhinav Sharma;Kushal Tibrewal;Harish Phuleria;Fabian Gieseke;Philippe Ciais,Brick kilns across India: A temporal analysis of brick kiln distribution and technology types,
None,True,International Journal of Applied Earth Observation and Geoinformation,该论文使用地球观测技术评估了喀斯特干旱的传播，涉及多源数据，与大气环境遥感技术中的卫星观测和数据分析相关。,"['Earth Observation', 'karst drought', 'multisource']",Chengchang Tian;Qiuwen Zhou;Ze Yuan;Yuan Li;Igor Leščešen;Slobodan Gnjato;Pedro A.M. Leite,Global assessment of karst drought propagation from multisource Earth Observation: Epikarst-mediated rapid shallow coupling and delayed deep responses,
None,True,International Journal of Applied Earth Observation and Geoinformation,该论文与大气环境遥感技术密切相关，因为标题和摘要中明确提到了使用FY-3G多角度偏振观测进行云相监测，并采用了新的MAPLE-CP框架，同时通过独立的多站点激光雷达验证。这些技术都与大气成分分析和空气质量监测直接相关。,"['FY-3G', 'polarimetric observations', 'cloud phase monitoring', 'lidar validation']",Yaying Wang;Haofei Wang;Chuanfeng Zhao;Qiao Wang;Kun Jia;Jinlong Fan;Hang Lyu;Sijie Chen;Zhenping Yin;Xing Yan,Global cloud phase monitoring from FY-3G multi-angle polarimetric observations using the new MAPLE-CP framework with independent multi-site lidar validation,
None,True,International Journal of Applied Earth Observation and Geoinformation,该论文与大气环境遥感技术相关，因为它涉及空气温度的降尺度处理和插值预处理，这些技术在大气环境监测和数据分析中常用。,"['air temperature', 'downscaling', 'interpolation preprocessing']",Zitong Wen;Lu Zhuo;Jiao Wang;Ahmed Abdelhalim;Ming Zhong;Dawei Han,Reducing grid artifacts in air temperature downscaling with a Volume-Preserving interpolation preprocessing step,
None,True,International Journal of Applied Earth Observation and Geoinformation,该论文的标题和摘要明确涉及气溶胶-云探测通道的校准算法，与大气环境遥感技术中的空气质量监测和卫星观测直接相关。,"['Aerosol-Cloud', '532 nm', 'DQ-1/ACDL', 'calibration algorithm']",Feiyue Mao;Chengen Li;Lin Zang;Zengxin Pan;Weiwei Xu;Ge Han;Xiuqing Hu;Weibiao Chen;Wei Gong,Linear-Fitting calibration algorithm for Aerosol-Cloud detection channels at 532 nm of the DQ-1/ACDL,
None,False,International Journal of Applied Earth Observation and Geoinformation,该论文研究的是利用冠层高光谱数据和机器学习技术来早期检测水稻白叶枯病，主要关注农业病害监测，而非大气环境遥感技术，如空气质量监测、卫星观测或大气成分分析等。,"['hyperspectral data', 'machine learning', 'rice bacterial leaf blight']",Ziyi Wang;Roshanak Darvishzadeh;Nancy Castilla;Alice Laborte;Andrew Nelson,Early detection of rice bacterial leaf blight disease using canopy hyperspectral data and machine learning,
None,False,International Journal of Applied Earth Observation and Geoinformation,该论文标题和摘要主要关注的是基于图转换器的决策框架，用于选择性更新向量建筑数据，这与大气环境遥感技术（如空气质量监测、卫星观测、大气成分分析、气溶胶反演等）没有直接关系。,[],Yue Qiu;Fang Wu;Haizhong Qian;Jichong Yin;Xianyong Gong;Chengyi Liu;Hao Zhang;Rui Cao,V-BUILD: A graph Transformer-based decision framework for selective updating of vector building data,
None,True,International Journal of Applied Earth Observation and Geoinformation,该论文研究的是地表煤矿的综合生态环境质量评估方法，涉及环境监测技术，与大气环境遥感技术中的空气质量监测、地表环境分析等领域相关。,"['surface coal Mines', 'Eco-Environmental quality assessment', 'MiecoI']",Feiyue Li;Jun Li;Chengye Zhang;Han Zhang;Chuanying Peng;Lixia Liang;Jingyu Hao;Simit Raval,A new approach for comprehensive and spatiotemporally comparable Eco-Environmental quality assessment of surface coal Mines: MiecoI,
None,True,International Journal of Applied Earth Observation and Geoinformation,本文研究了使用Sentinel-2卫星图像进行近实时、无监督的谷物作物收获检测框架，提出了收获指数（RI）和自动阈值方法。这属于遥感技术范畴，特别是利用卫星观测数据进行分析，与大气环境遥感技术中的卫星观测和图像处理相关。,"['Sentinel-2 imagery', 'reaped index (RI)', 'unsupervised framework']",Kai Tang;Zeteng Li;Youzhi Zhang;Laigang Wang;Peng Yang;Bingwen Qiu;Xuehong Chen;Ruilin Chen;Jianlong Li;Jin Chen,A near-real-time and unsupervised framework for grain crop harvest detection using sentinel-2 imagery: the reaped index (RI) and automated thresholding,
None,False,International Journal of Applied Earth Observation and Geoinformation,该论文主要关注太阳能光伏产业的发展及其生态影响，涉及的是土地利用变化和生态学问题，与大气环境遥感技术（如空气质量监测、卫星观测、大气成分分析、气溶胶反演等）没有直接关系。,"['solar photovoltaics', 'ecological implications', 'cropland to forest']",Shoki Shimada;Wataru Takeuchi;Kei Oyoshi,Corrigendum to “Spatiotemporal dynamics of solar photovoltaics development and ecological implications in Japan from cropland to forest” [Int. J. Appl. Earth Obs. Geoinf. 150 (2026) 105348],
None,True,International Journal of Applied Earth Observation and Geoinformation,该论文研究了从单类标注遥感数据集中对农田和农村道路进行联合分割的方法，这属于遥感图像处理和地物分类的范畴，与大气环境遥感技术中的土地覆盖分类和监测相关，但主要关注点在土地资源管理而非大气污染物监测或大气成分分析。,"['remote sensing', 'segmentation', 'farmland']",Zhaoxiang Cao;Yuchun Huang;Yibo Zhou;Peng Zhou;Zhiqiang Qin;Shengyuan Zhang,A partially supervised joint segmentation method for farmland and rural roads from single-class annotated remote sensing datasets,
None,True,International Journal of Applied Earth Observation and Geoinformation,该论文研究使用双极化GNSS反射计技术，结合微卫星观测数据，对FYI–MYI海冰类型进行分类。这属于大气环境遥感技术中的卫星观测和大气成分分析领域，特别是与海冰相关的遥感监测技术。,"['GNSS reflectometry', 'sea ice classification', 'microsatellite observations']",Runchuan Li;Fei Guo;Wentao Yang;Weiqiang Li;Xiaohong Zhang;Estel Cardellach,Dual-polarization GNSS reflectometry for FYI–MYI sea ice type classification using microsatellite observations,
None,True,International Journal of Applied Earth Observation and Geoinformation,该论文研究了波兰云杉林的NDVI与林分结构之间的关系，使用了HLS、LiDAR指标和GGP-GAM方法。这些技术都与大气环境遥感技术相关，例如通过卫星观测和大气成分分析来监测空气质量。因此，该论文与大气环境遥感技术密切相关。,"['NDVI', 'LiDAR', 'atmospheric composition', 'aerosol retrieval', 'satellite observations']",Luiza Tymińska-Czabańska;Piotr Janiec;Michał Lupa;Vahid Nasiri;Franciszek Błaś;Adam Ziółkowski;Paweł Hawryło;Jarosław Socha,"Spatially varying NDVI–stand structure relationships in Scots pine forests across Poland using HLS, LiDAR metrics and GGP-GAM",
None,False,International Journal of Applied Earth Observation and Geoinformation,该论文主要关注农业和城市扩张在全球干旱地区的生态水文影响，与大气环境遥感技术（如空气质量监测、卫星观测、大气成分分析、气溶胶反演）没有直接关联。,"['agricultural expansion', 'urban expansion', 'drylands']",Ran Wang;Wei Zhou;Tao Lin;Zhe Hao;Shibin Zhang;Conghong Huang,Divergent ecohydrological impacts of agricultural and urban expansions across global drylands,
None,True,International Journal of Applied Earth Observation and Geoinformation,该论文使用Sentinel-2和ERA5-Land数据估算瑞典湖泊溶解有机碳，涉及地球观测技术和卫星遥感数据，与大气环境遥感技术（如卫星观测和水质监测）密切相关。,"['Sentinel-2', 'ERA5-Land', 'dissolved organic carbon', 'lake monitoring']",Xufeng Wei;Wenbo Xu;Lanhui Wang;Renkui Guo;Zheng Duan,An interpretable Earth observation framework for estimating lake dissolved organic carbon in Sweden using Sentinel-2 and ERA5-Land data,
None,False,International Journal of Applied Earth Observation and Geoinformation,该论文的标题和摘要主要讨论虚拟现实（VR）城市建模中的细节保真度和真实感问题，涉及人类行为和层次细节（LOD）设计，与大气环境遥感技术（如空气质量监测、卫星观测、大气成分分析、气溶胶反演）无关。,[],Yunlei Su;Guosheng Yang;Wufan Zhao;Cai Wu,Beyond fidelity: Rethinking realism through human behavior in VR city modeling LOD design,
None,False,International Journal of Applied Earth Observation and Geoinformation,该论文研究的是从火星撞击坑数据中提取信息的技术，与大气环境遥感技术（如空气质量监测、卫星观测、大气成分分析、气溶胶反演）没有直接关系。,"['martian impact craters', 'bimodal dataset', 'quantitative ensemble learning']",Chang Li;Haoyan Ma;Yi He;Zhizhong Kang,BQEL-Net: A bimodal quantitative ensemble learning network with uncertainty-aware for vectorized extraction of martian impact craters from bimodal catalogic-and-quantitative dataset (BCQDS),
None,True,International Journal of Applied Earth Observation and Geoinformation,该论文研究了融合高分辨率航空影像与Sentinel-1和Sentinel-2卫星影像时序数据以提高多年果园类型分类的准确性。虽然主题不是直接关于大气环境遥感技术（如空气质量监测或成分分析），但使用了卫星观测数据（Sentinel-1和Sentinel-2）和遥感影像处理技术，因此与大气环境遥感技术的某些方面相关。,"['aerial imagery', 'Sentinel-1', 'Sentinel-2', 'orchard classification']",Lior Fine;Tarin Paz-Kagan;Offer Rozenstein,Fusing very high-resolution aerial imagery with Sentinel-1 and Sentinel-2 time series improves multi-year orchard type classification,
None,False,International Journal of Applied Earth Observation and Geoinformation,该论文主要关注的是基于遥感技术和集成模型识别和分类<em>Calliptamus italicus</em>的风险区域，并考虑了人口密度和栖息地适宜性。虽然使用了遥感技术，但其重点在于生物风险评估，而非大气环境遥感技术（如空气质量监测、卫星观测、大气成分分析或气溶胶反演）。因此，它与大气环境遥感技术的关联性不强。,"['remote sensing', 'ensemble modeling', 'habitat suitability']",Junteng Luo;Liang Liu;Jianghua Zheng;Jun Lin;Wanqiang Han;Yang Yan;Jianhao Li;Feifei Zhang;Zhong Liang;Qige Qi,Identification and classification of risk zones for <em>Calliptamus italicus</em> based on remote sensing and ensemble modeling: considering population density and habitat suitability,
None,True,International Journal of Applied Earth Observation and Geoinformation,该论文使用地球观测和机器学习技术对阿拉伯湾和奥曼海的有害藻华进行运营预报，这与大气环境遥感技术（如卫星观测、海洋环境监测）密切相关。,"['Earth Observation', 'Machine learning', 'harmful algal blooms', 'Arabian Gulf', 'Sea of Oman']",Kaltham A. Ismail;Roqaya A. Ismail;Mohammed Salim,Earth Observation–Based Machine learning for operational forecasting of harmful algal blooms in the Arabian Gulf and Sea of Oman,
None,True,International Journal of Applied Earth Observation and Geoinformation,该论文的标题和摘要明确涉及 GNSS-R（全球导航卫星系统后向散射遥感）技术，这是一种用于大气环境遥感的技术，特别是用于高风速检索。标题中提到的'Physics-Guided Local-Global fusion network'表明这是一种用于遥感数据处理的先进算法，进一步确认了其与大气环境遥感技术的关联。,"['PLGF-NET', 'Physics-Guided', 'Local-Global fusion', 'GNSS-R', 'high wind speed retrieval']",Xinzhe Xu;Minfeng Song;Xiufeng He;Jinsheng Tu;Xiaolei Wang;Jinwen Zeng;Hao Yang;Wei Zhan,PLGF-NET: A Physics-Guided Local-Global fusion network for GNSS-R high wind speed retrieval,
None,False,International Journal of Applied Earth Observation and Geoinformation,该论文主要关注利用无人机时间序列数据和基础模型对苜蓿的生长和功能进行时空分析，与大气环境遥感技术（如空气质量监测、卫星观测、大气成分分析、气溶胶反演等）关联性较弱。,"['UAV', 'alfalfa', 'foundation models']",Tao Cheng;Zhangru Gao;Ziyu Ding;Dong Han;Yaling Liu;Ruopu Zan;Xinyuan He;Shibo Yang;Feng Yuan;Weibo Ren;Dongyan Zhang,DINO-Pheno-Cluster: Integrating few-shot foundation models and UAV time-series for spatiotemporal growth and functional characterization of alfalfa,
None,True,International Journal of Applied Earth Observation and Geoinformation,该论文研究主题明确与大气环境遥感技术相关，具体涉及使用Landsat 8/9卫星数据通过RF-XGBoost模型进行总氮的遥感反演，属于大气成分分析和空气质量监测的范畴。,"['total nitrogen', 'Landsat 8/9', 'RF-XGBoost', 'atmospheric retrieval']",Yuanyuan Zhang;Shuanggen Jin,MFRXG: A multi-feature stacking ensemble RF-XGBoost model for total nitrogen retrieval in the Yellow River from Landsat 8/9 data,
None,True,International Journal of Applied Earth Observation and Geoinformation,该论文研究的是从单目遥感图像中进行高度估计的视觉语言网络，这与大气环境遥感技术中的卫星观测和大气成分分析有直接关系，因为遥感技术常用于监测大气环境，而高度估计是大气成分分析的重要步骤之一。,"['monocular remote sensing imagery', 'height estimation', 'vision-language network']",Tao Zhang;Furong Shi;Yuanping Zhu;Xin Huang,HeightCLIP: A vision-language network for height estimation from monocular remote sensing imagery,
None,False,International Journal of Applied Earth Observation and Geoinformation,该论文主要关注城市数字孪生和环境敏感的移动性规划，与大气环境遥感技术（如空气质量监测、卫星观测、大气成分分析、气溶胶反演）没有直接关系。,[],Thomas Trabert;Elmar Brockfeld;Alexander Sohr;Kerstin Krellenberg;Jakob Erdmann;Xiaoxu Bei;Carsten Dalaff;Timo Houben;Jan Bumberger,Urban digital twin for environmentally sensitive mobility planning: conceptual framework and application in pilot region Leipzig,
None,True,International Journal of Applied Earth Observation and Geoinformation,该论文研究了SuperDove卫星如何检测负载物质的沙堆，并与极端环境事件相关，这涉及到卫星观测技术，属于大气环境遥感技术的范畴。,"['SuperDove', 'satellite', 'matter-loaded windrows', 'extreme environmental events']",Dimitris Papageorgiou;Stefano Aliani;Andrés Cózar;Konstantinos Topouzelis,SuperDove satellite detection of matter-loaded windrows with a focus on extreme environmental events,
None,True,International Journal of Applied Earth Observation and Geoinformation,该论文研究的是基于开源多模态数据和形态感知UDASS（Urban Atmospheric Sensing System）的屋顶植被绘制框架，涉及热带城市环境中的植被监测，这直接与大气环境遥感技术中的空气质量监测和大气成分分析相关，因为植被覆盖可以影响大气成分和空气质量。,"['roof vegetation mapping', 'open-source multimodal data', 'atmospheric composition analysis']",Jinhui Liu;Mi Zhang;Lina Tang;Guofan Shao;Huiwei Jiang;Xiangyun Hu;Yibing Xiong;Jiongwei Wang,A transferable framework for roof vegetation mapping across tropical cities based on open-source multimodal data and morphology-aware UDASS,
None,False,International Journal of Applied Earth Observation and Geoinformation,该论文主要关注土壤适宜性评估，使用模糊熵-MAIRCA-TOPSIS框架进行可持续性评价，与大气环境遥感技术（如空气质量监测、卫星观测、大气成分分析、气溶胶检索）关系不大。,"['fuzzy entropy', 'MAIRCA', 'TOPSIS']",Karthik Subramani;Deva Nithyanandham;Felix Augustin;Saravanakumar Ramasamy;Ajeesh Puthusserry Paulose;Pandiyaraju V,An integrated picture fuzzy entropy–MAIRCA–TOPSIS framework for sustainable soil suitability evaluation,
None,True,International Journal of Applied Earth Observation and Geoinformation,该研究利用多颗卫星平台进行作物（玉米）Mapping，涉及卫星观测技术，与大气环境遥感技术中的卫星观测和作物监测相关。虽然没有直接提及空气质量或大气成分，但卫星遥感技术在农业监测中的应用属于环境遥感领域。,"['maize mapping', 'satellite platforms', 'double-cropping regions']",Ryoungseob Kwon;Youngryel Ryu;Philippe Ciais;David Makowski;Changhyun Choi;Huaize Feng;Sungchan Jeong;Pengfei Tang;Kyungdo Lee,Enabling maize mapping in double-cropping regions of Argentina and Brazil without ground reference data by leveraging multiple satellite platforms,
None,False,International Journal of Applied Earth Observation and Geoinformation,该论文主要关注草地蝗虫栖息地的时空动态变化，涉及未来气候预测、植被生长和土地利用变化，虽然与生态环境相关，但并未涉及大气环境遥感技术（如空气质量监测、卫星观测、大气成分分析、气溶胶反演等）。,"['grasshopper habitats', 'climate projections', 'vegetation growth']",Jing Guo;Wenjiang Huang;Yingying Dong;Qiaoyun Xie;Guofei Fang;Fangzheng Yue;Kun Wang;Zhuoqing Hao;Yan Zhang;Xiangzhe Cheng;Yue Shi;Bing Zhang,"Spatiotemporal dynamics of grasshopper habitats under future climate projections, vegetation growth, and land use change",
None,True,International Journal of Applied Earth Observation and Geoinformation,该论文使用Sentinel-5 Precursor卫星数据和大气扩散模型估算煤矿甲烷排放，这与大气环境遥感技术（如空气质量监测、卫星观测、大气成分分析）密切相关。,"['Sentinel-5 Precursor', 'methane emissions', 'Gaussian plume model']",Yuanyuan Chen;Yi Li;Lixia Tan;Yufan Qian;Shuangxi Fang,Quantifying methane emissions from large coal mine using Sentinel-5 Precursor satellite data and Gaussian plume model,
None,True,International Journal of Applied Earth Observation and Geoinformation,该论文标题和摘要涉及光谱分解和深度先验技术，这些技术与遥感技术密切相关，特别是在大气环境监测和卫星观测领域。光谱分解是遥感数据分析中常用的方法，用于解析混合像元的光谱信息，这对于空气质量监测和大气成分分析至关重要。深度先验技术则是一种先进的算法，可以提升遥感图像处理的精度和效率。因此，该研究高度相关于大气环境遥感技术。,"['spectral unmixing', 'deep priors', 'remote sensing']",Soorya Suresh;Shri Charan Ramesh;Arun Pattathal Vijayakumar;Vandita Srivastava;Krishna Mohan Buddhiraju,Self-supervised spectral unmixing using scene-aware deep priors,
None,True,International Journal of Applied Earth Observation and Geoinformation,该论文研究利用Sentinel-2卫星数据，通过Fine-Grained检索技术获取叶绿素a浓度，以揭示中国湖泊富营养化动态。这与大气环境遥感技术中的卫星观测、水质监测等方向密切相关，属于遥感技术在环境监测领域的应用。,"['Sentinel-2', 'chlorophyll-a', 'fine-grained retrieval']",Zhen Zhang;Cuilin Yang;JiaJia Yuan;Lehao Huang;Zhongxi Ge;Zhitao Fu;Bo-Hui Tang,Pioneering Test-Time training for robust Fine-Grained chlorophyll-a retrieval from Sentinel-2: Unveiling China’s lake eutrophication dynamics (2018–2025),
None,True,International Journal of Applied Earth Observation and Geoinformation,该论文标题和摘要明确涉及从形态化集成微波图像生成高精度可降水量产品，这与大气环境遥感技术密切相关，特别是大气成分分析和卫星观测领域。,"['precipitable water vapor', 'microwave imagery', 'atmospheric remote sensing']",Yuhao Wu;Bao Zhang;Yibin Yao;Zheng Du;Hongming Li;Quanyu Chen,Generation of high-precision precipitable water vapor products from morphed integrated microwave imagery,
None,False,International Journal of Applied Earth Observation and Geoinformation,该论文主要研究冰川泥石流的发生频率和极端气候的影响，与大气环境遥感技术（如空气质量监测、卫星观测、大气成分分析、气溶胶反演）没有直接关联。,"['glacial debris flows', 'Parlung Tsangpo Basin', 'Southeastern Tibetan Plateau']",Sen Zhang;Bochuan Zhang;Da Huang;Yongji Chen;Bei Zhang;Jianbing Peng,"Extreme climate effects on the occurrence and frequency of glacial debris flows: evidence from the Parlung Tsangpo Basin, Southeastern Tibetan Plateau",
None,False,International Journal of Applied Earth Observation and Geoinformation,该论文主要关注无人机图像时间序列和多源环境特征在预测连续性森林火灾蔓延中的应用，虽然涉及环境特征和遥感技术（无人机图像），但核心主题是火灾预测，而非大气环境遥感技术如空气质量监测、卫星观测或大气成分分析。,"['UAV', ' wildfire', 'environmental features']",Jiahao Zhou;Sen He;Shanjunxia Wu;Qiuhua Wang;Fei Wang,Integrating UAV image time-series with multi-source environmental features for sequential wildfire spread prediction,
None,True,International Journal of Applied Earth Observation and Geoinformation,该论文研究的是基于深度学习的卫星图像大规模土地覆盖分类框架，与大气环境遥感技术中的卫星观测和地表特征分析相关，但主要关注点在于土地覆盖分类而非大气成分或空气质量监测。,"['satellite imagery', 'deep learning', 'land cover classification']",Johannes Leonhardt;Juergen Gall;Ribana Roscher,LC-SLab — An object-based deep learning framework for large-scale land cover classification from satellite imagery and sparse in-situ labels,
None,True,International Journal of Applied Earth Observation and Geoinformation,该论文研究的是利用PROSPECT算法指导的多任务学习混合框架，用于同时反演叶片叶绿素和类胡萝卜素含量。虽然主要研究对象是植物色素，但反演方法涉及遥感技术和多任务学习，与大气环境遥感技术（如卫星观测和大气成分分析）有较强的相关性。,"['leaf chlorophyll', 'carotenoids', 'remote sensing', 'multi-task learning']",Weilin Hao;Jia Sun;Kan Zhang;Shilin Yang;Feng Qiu;Jin Xu,A PROSPECT-guided multi-task learning hybrid framework for simultaneous retrieval of leaf chlorophyll and carotenoids,
None,True,International Journal of Applied Earth Observation and Geoinformation,该论文使用卫星观测数据研究澳大利亚北部地区火灾后植被对水分胁迫的响应，涉及卫星遥感技术和大气环境监测，与大气环境遥感技术相关。,"['satellite', 'water stress', 'antecedent fire']",Huanhuan Wang;Qiaoyun Xie;Sally E. Thompson;Caitlin E. Moore,Satellite evidence of reduced resistance and resilience to water stress after antecedent fire across a rainfall gradient in northern Australia,
None,True,International Journal of Applied Earth Observation and Geoinformation,该论文研究了覆盖作物生物量对卫星探测覆盖作物的影响，涉及卫星遥感技术在农业和环境监测中的应用，与大气环境遥感技术（如卫星观测和大气成分分析）密切相关。,"['cover crop biomass', 'satellite-based detectability', ' Maryland']",Yide Xu;Qu Zhou;Kaiyu Guan;Sheng Wang;W. Dean Hively;Jyoti Jennewein;Alison Thieme;Steven Mirsky;Zhangliang Chen,The impacts of cover crop biomass on satellite-based detectability of cover crops in Maryland,
None,True,International Journal of Applied Earth Observation and Geoinformation,该论文的标题和摘要明确涉及利用卫星技术进行洪水监测和灾害评估，这与大气环境遥感技术中的卫星观测和灾害监测领域密切相关。关键词如“卫星监测”和“洪水范围绘制”表明了其与遥感技术的高度关联性。,"['satellite-based flood monitoring', 'flood extent mapping', 'atmospheric remote sensing']",Ziming Wang;Jeffrey Neal;Peter M. Atkinson;Ce Zhang,From flood extent mapping to mechanism-aware flood products: integrating flood type classification into satellite-based flood monitoring,
None,False,International Journal of Applied Earth Observation and Geoinformation,该论文标题和摘要中没有明确提及与大气环境遥感技术相关的内容，如空气质量监测、卫星观测、大气成分分析或气溶胶反演等。,"['interchange classification model', 'multi-scale geometric structural feature fusion']",Wan’er Yu;Gang Liu;Jing He;Zhiyong Luo,A high-resolution interchange classification model enhanced by multi-scale geometric structural feature fusion,
None,True,International Journal of Applied Earth Observation and Geoinformation,该论文研究了OCO-2卫星对XCO2的检索结果与TCCON观测结果的时空偏差，属于大气环境遥感技术领域，特别是大气成分分析和卫星观测技术。,"['OCO-2', 'XCO2', 'TCCON', 'satellite observations', 'atmospheric composition analysis']",Tslil Nacson;David M. Broday;Fadi Kizel,Spatiotemporal bias in OCO-2 XCO<sub>2</sub> retrievals relative to TCCON observations,
None,False,International Journal of Applied Earth Observation and Geoinformation,该论文主要关注从街景图像和GIS数据中检测和识别城市街道树木，虽然与地理信息系统和环境监测有关，但与大气环境遥感技术（如空气质量监测、卫星观测、大气成分分析、气溶胶反演）没有直接关联。,"['street-view images', 'GIS data', 'urban street tree detection']",Weijia Li;Xinjie Huo;Junyan Ye;Jinhua Yu;Hanxi Wang;Juepeng Zheng;Xiang Zhang;Haohuan Fu,Individual urban street tree detection and species-level mapping from street-view images and GIS data,
None,True,International Journal of Applied Earth Observation and Geoinformation,该论文研究了利用高光谱三角指数（BLB_TVI）通过卫星遥感技术来评估水稻细菌性条斑病的严重程度，涉及卫星观测和大气成分分析，与大气环境遥感技术密切相关。,"['hyperspectral', 'satellite-scale', 'rice bacterial leaf blight', 'remote sensing', 'atmospheric composition']",Weiwei Liu;Xin Zhang;Gang Yang;Jingfeng Huang;Weiwei Sun;Luming Liu,BLB_TVI: A hyperspectral triangular index for satellite-scale characterization of rice bacterial leaf blight severity,
None,False,International Journal of Applied Earth Observation and Geoinformation,该论文主要关注的是通过混合监督和特征掩码恢复技术对未受监管的垃圾堆进行标签高效的映射，这与大气环境遥感技术（如空气质量监测、卫星观测、大气成分分析、气溶胶检索）没有直接关系。论文的研究领域更偏向于地理空间信息处理和计算机视觉。,"['unregulated waste dumps', 'mixed supervision', 'feature masked recovery']",Li Shen;Xinyu Liu;Geding Yan;Daoping Peng;Zhilin Li,Label-efficient mapping of unregulated waste dumps via mixed supervision with feature masked recovery,
None,False,International Journal of Applied Earth Observation and Geoinformation,该论文研究使用自主水面舰艇和深度学习进行海洋生物多样性的可重复性制图，与大气环境遥感技术（如空气质量监测、卫星观测、大气成分分析、气溶胶反演）无关。,"['marine biodiversity', 'autonomous surface vehicles', 'deep learning']",Matteo Contini;Victor Illien;Mohan Julien;Sylvain Poulain;Mervyn Ravitchandirane;Victor Russias;Arthur Lazennec;Sarah Hamylton;Tom Spencer;Anna Koester;Pierre Gogendeau;Thomas Chevrier;Justine Talpaert Daudon;Annabelle Constance;Christopher Jones;Frauke Fleischer-Dogley;Serge Bernard;Alexis Joly;Julien Barde;Sylvain Bonhommeau,Reproducible mapping of marine biodiversity using autonomous surface vehicles and deep learning,
None,True,International Journal of Applied Earth Observation and Geoinformation,该论文研究了使用GOCI（Geostationary Ocean Color Imager）卫星观测数据，通过机器学习框架重建和预测富营养化湖泊中的叶绿素a（Chl-a）浓度。这属于大气环境遥感技术范畴，特别是与水质监测和卫星遥感应用相关。,"['Chl-a', 'GOCI', 'machine learning', 'eutrophic lakes', 'remote sensing']",Zehui Huang;Ronghua Ma;Xinhui Chen;Kun Xue;Minqi Hu;Haoze Liu,A two-stage machine learning framework for Chl-a reconstruction and short-term prediction in eutrophic lakes using GOCI observations,
None,True,International Journal of Applied Earth Observation and Geoinformation,该论文标题和摘要明确涉及遥感图像分割技术，这是一种用于从遥感数据中提取信息的关键技术，常用于大气环境监测、卫星观测和成分分析等领域。虽然摘要未详细说明具体应用场景，但“Scene-Aware Guided Network”模型暗示了其在复杂大气场景下的应用潜力，因此与大气环境遥感技术密切相关。,"['Remote Sensing', 'Image Segmentation', 'Scene-Aware Guided Network']",Kai Tan;Hui Xia;Kaikai Tian;Hui Yang;Yanlan Wu;Peng Zhang;Yongchuang Wu,Referring Remote Sensing Image Segmentation method based on Scene-Aware Guided Network model,
None,False,International Journal of Applied Earth Observation and Geoinformation,该论文主要关注的是城市洪涝风险评估，虽然涉及卫星土壤湿度，但与大气环境遥感技术（如空气质量监测、卫星观测、大气成分分析、气溶胶反演）关联性不强。,"['rainfall', 'satellite soil moisture', 'urban flood risk']",Sang Yeob Kim,Time-series framework integrating rainfall and satellite soil moisture for multi-scale urban flood risk assessment,
None,True,International Journal of Applied Earth Observation and Geoinformation,该论文标题和摘要都与大气环境遥感技术密切相关。标题中提到的“SIF”（太阳诱导荧光）是一种遥感技术，用于监测植被水分利用效率，而“Noah-MP”是一个陆面模型，常用于模拟大气环境中的水循环过程。摘要中明确提到“水利用效率”和“干旱恢复力”，这些都是通过遥感技术进行监测和分析的重要指标。因此，该论文与大气环境遥感技术（如空气质量和大气成分分析）具有强相关性。,"['SIF', 'Noah-MP', 'land surface model']",Tewekel Melese Gemechu;Huifang Zhang;Jialong Sun;Baozhang Chen,A SIF-Constrained Noah-MP land surface model for simulating water use efficiency and drought Resilience: Application in a Semi-Arid Basin,
None,False,International Journal of Applied Earth Observation and Geoinformation,该论文主要关注无人机图像的匹配和检测技术，涉及的是计算机视觉领域中的深度学习方法，并未明确涉及大气环境遥感技术，如空气质量监测、卫星观测或大气成分分析。,"['UAV images', 'cycle-consistency', 'channel-separation']",Jingru Li;Kun Sun;Wen Dai;Chang Tang;Kunqian Li;Wenhao Bao;Xiongwu Xiao;Deren Li,C2D2: Matching UAV images with cycle-consistency and channel-separation for joint detector and descriptor,
None,True,International Journal of Applied Earth Observation and Geoinformation,该论文研究利用雷达后向散射进行时空融合，以增强对南极冰架表面融化动态的监测。这属于大气环境遥感技术范畴，特别是卫星观测和大气成分分析，与空气质量监测、卫星观测技术紧密相关。,"['radar backscatter', 'Antarctic ice shelves', 'surface melt dynamics']",Chengyu Pu;Lei Zheng;Jingan Wu;Qi Liang;Teng Li;Gang Li;Xiao Cheng,Spatiotemporal fusion of radar backscatter for enhanced monitoring of surface melt dynamics over Antarctic ice shelves,
None,True,International Journal of Applied Earth Observation and Geoinformation,该论文研究了利用空间遥感技术检测北方农业田地中CO2和N2O交换特征的可行性，与大气环境遥感技术（如大气成分分析、气体监测）密切相关。,"['space-borne remote sensing', 'CO2', 'N2O', 'boreal agricultural fields']",Miia Salminen;Liisa Kulmala;Tuomas Laurila;Olli Nevalainen;Stephanie Gerin;Laura Heimsch;Henriikka Vekuri;Juval Cohen;Matias Takala;Kimmo Rautiainen;Narasinha Shurpali;Maarit Liimatainen;Jari Liski;Jouni Pulliainen,Feasibility of space-borne remote sensing to detect features related to CO<sub>2</sub> and N<sub>2</sub>O exchange of boreal agricultural fields,
None,True,International Journal of Applied Earth Observation and Geoinformation,该论文使用多源数据来绘制澳大利亚和新西兰的海岸沙丘的范围、类型和残留区域，这属于遥感技术在环境监测中的应用，特别是对地表特征的遥感分析，与大气环境遥感技术（如卫星观测和地表覆盖监测）密切相关。,"['multi-source data', 'coastal dunes', 'remote sensing']",Zhijia Zheng;Guanli Li;Chenjun Wang;Xiuyuan Zhang;Noam Levin,"Mapping the extent, type and remnant areas of the coastal dunes of Australia and New Zealand by integrating multi-source data",
None,False,International Journal of Applied Earth Observation and Geoinformation,该论文研究的是利用地形地貌约束的浅水通道地形反演技术，涉及的是水下地形测绘和机器学习方法，与大气环境遥感技术（如空气质量监测、卫星观测、大气成分分析、气溶胶反演等）关系不大。,"['geomorphology', 'bathymetric inversion', 'turbid tidal channels', 'machine learning']",Jianchun Chen;Chao Gao;Yan Gu;Xiangyu Ou;Xiaoyi Cheng;Shibing Zhu;Ya Ping Wang,Geomorphology-constrained bathymetric inversion of turbid tidal channels using centerline-network priors and machine learning,
None,False,International Journal of Applied Earth Observation and Geoinformation,该论文的标题和摘要均关注地质岩性解释，与大气环境遥感技术（如空气质量监测、卫星观测、大气成分分析、气溶胶反演）无关。,[],Ying Cao;Diming Wu;Yilong Li;Qing Cheng,Multi-source complementary feature self-integration network for geological lithology interpretation,
None,False,International Journal of Applied Earth Observation and Geoinformation,该论文主要关注红树林湿地的潜在陆向迁移模式，受海平面上升和人类活动的影响，与大气环境遥感技术（如空气质量监测、卫星观测、大气成分分析、气溶胶反演）没有直接关系。,"['mangrove', 'sea level rise', 'human activities']",Zhaoxuan Ding;Bin Ai;Jiali Zeng;Yuchao Sun;Xiaoping Liu;Zhuokai Jian;Zhenlin Lai;Poyuan Ou,Simulating potential landward migration pattern of mangrove wetlands under the ‘two-way squeeze’ from sea level rise and human activities,
None,True,International Journal of Applied Earth Observation and Geoinformation,该论文标题和摘要表明，研究内容涉及从遥感图像中进行目标检测的边缘精度评估框架，这与大气环境遥感技术中的卫星观测、图像分析等技术高度相关。虽然未直接提及空气质量和污染物，但目标检测和精度评估是大气环境监测中的关键环节，因此该研究具有相关性。,"['remote sensed images', 'target detection', 'accuracy assessment']",Yingfan Zhang;Weiyi Hou;Lyndon Estes;Rui Lu;Shijie Zhu;Aiyin Zhang;Zhou Shi;Su Ye,A novel edge-based accuracy assessment framework for target detection from remotely sensed images,
None,False,International Journal of Applied Earth Observation and Geoinformation,该论文研究的是使用机器学习框架预测农业梯田的适宜性，应用对象是塞浦路斯托罗多斯山脉。这与大气环境遥感技术（如空气质量监测、卫星观测、大气成分分析、气溶胶反演）没有直接关联。,"['machine learning', 'agricultural terrace', 'positive and unlabelled datasets']",Aman Kumar Meena;Christos Zoumides;Hakan Djuma;Ioannis Sofokleous;Corrado Camera;Adriana Bruggeman,"A machine learning framework for predicting agricultural terrace suitability using positive and unlabelled datasets: an application for the Troodos Mountains, Cyprus",
None,True,International Journal of Applied Earth Observation and Geoinformation,该论文使用LiDAR技术评估树木顶部的死亡情况，以检测亚洲长角甲虫对杨树林的损害。虽然主要关注的是森林生态学和害虫监测，但LiDAR作为一种遥感技术，可以用于大气环境监测中的植被健康评估，因此与大气环境遥感技术有一定相关性。,"['LiDAR', 'treetop dieback', 'Asian longhorned beetle']",Quan Zhou;Rui Tang;Linfeng Yu;Peiyun Bi;Lili Ren;Youqing Luo,LiDAR-based assessment of treetop dieback to detect asian longhorned beetle damage in poplar forests,
None,True,International Journal of Applied Earth Observation and Geoinformation,该论文与大气环境遥感技术密切相关，因为它涉及对降水产品的评估和排名，这属于大气成分分析和监测的范畴。降水是大气的重要组成部分，其监测对于理解空气质量、气候变化等方面具有重要意义。,"['precipitation products', 'China', 'evaluation and ranking']",Le Xinlong;Kang Ling;Zhou Liwei;Wei Junfang;Chen Hao,Multi-Criteria evaluation and ranking of 28 precipitation products over China,
None,True,International Journal of Applied Earth Observation and Geoinformation,该论文与大气环境遥感技术相关，因为它涉及利用NDVI（归一化植被指数）进行农业用地地表温度的降尺度分析，这属于遥感技术在地表温度监测中的应用。,"['NDVI', 'land surface temperature', 'downscaling']",Jamal Elfarkh;Nadia Ouaadi;Said Grich;Abderrahman Liblab;Abdelghani Chehbouni,Stratified and adaptive regression for NDVI-based land surface temperature downscaling over agricultural fields,
None,False,International Journal of Applied Earth Observation and Geoinformation,该论文主要关注联邦学习在森林资源建模和监测中的应用，强调数据保密性和协作研究，与大气环境遥感技术（如空气质量监测、卫星观测、大气成分分析、气溶胶反演）关系不大。,"['federated learning', 'forest resource modelling', 'collaborative research']",Johannes Schumacher;Alessandro Cescatti;Gherardo Chirici;Giovanni D’Amico;Saverio Francini;Johannes Hertzler;Lauri Mehtätalo;Gert-Jan Nabuurs;Mats Nilsson;Juho Pitkänen;Johannes Breidenbach,Federated learning in forest resource modelling and monitoring: Bridging data confidentiality and collaborative research,
None,True,International Journal of Applied Earth Observation and Geoinformation,该论文研究了合成孔径雷达（SAR）图像和激光雷达（LiDAR）点云之间的跨模态匹配框架，使用深度学习技术。这涉及遥感技术的跨传感器数据融合与分析，与大气环境遥感技术（如卫星观测、空气质量管理）高度相关。,"['SAR', 'LiDAR', 'deep learning', 'cross-modal matching']",Yifan Zhang;Jordi J. Mallorqui;Wen Wang,SAR2LiDAR: A deep learning-based cross-modal matching framework between SAR images and LiDAR point clouds,
None,False,International Journal of Applied Earth Observation and Geoinformation,该论文主要关注从合成孔径雷达（SAR）图像中提取水，使用弱监督网络进行噪声鲁棒性处理。虽然SAR是一种遥感技术，但主题聚焦于水提取而非大气环境监测、空气质量、卫星观测或大气成分分析，因此与大气环境遥感技术相关性不强。,"['SAR imagery', 'water extraction', 'weakly supervised network']",Kai Wang;Weicheng Zang;Zhongle Ren;Biao Hou;Jiawei Ning;Xi Li;Shulin Gao;Weibin Li;Licheng Jiao,WaterPLNet: A noise-robust weakly supervised network for water extraction from SAR imagery using point labels,
None,True,International Journal of Applied Earth Observation and Geoinformation,该论文研究的是如何通过基线框架推断城市兴趣点（POI）的楼层，以增强三维城市垂直分析，研究对象为上海。虽然不直接涉及卫星观测或污染物监测等技术，但与城市大气环境分析相关，例如通过分析城市垂直结构来评估大气污染物分布。因此，可以认为其与大气环境遥感技术的某些方面（如城市环境分析）有间接相关性。,"['POI floors', '3D urban vertical analytics', 'Shanghai']",Liu Liu;Jiali Yang;Xiang Chen;Yao Shen;Mila Koeva,Baseline framework for inferring POI floors to enhance 3D urban vertical analytics: A comparative study in Shanghai,
None,True,International Journal of Applied Earth Observation and Geoinformation,该论文使用Landsat卫星数据的时间序列来量化新foundland woodland caribou栖息地中地衣体积的变化。地衣是大气环境的指示物种，其生长状况可以反映空气质量，因此该研究涉及大气环境遥感技术，特别是空气质量和植被监测。,"['Landsat', 'lichen volume', 'time series']",Catherine Beaulieu;Nicholas C. Coops;Alexandre Morin-Bernard;Steeve D. Côté;Alexis Achim,Quantifying changes in annual lichen volume for woodland caribou in Newfoundland using Landsat time series,
None,True,International Journal of Applied Earth Observation and Geoinformation,该论文研究了人为热通量的估算方法，并考虑了地表能量平衡的扰动，这与大气环境遥感技术（如地表热辐射监测、能量平衡分析等）密切相关。,"['anthropogenic heat flux', 'surface energy balance', 'atmospheric remote sensing']",Yu Zhou;Deyong Hu;Tianhan Li,A double-temperature-difference framework for anthropogenic heat flux estimation accounting for surface energy balance perturbations,
None,False,International Journal of Applied Earth Observation and Geoinformation,该论文主要关注使用机载激光雷达和植被过滤技术来研究加州海岸悬崖的形态动力学，这与大气环境遥感技术（如空气质量监测、卫星观测、大气成分分析、气溶胶反演）关系不大。虽然机载激光雷达是一种遥感技术，但应用领域集中在地质和地形测绘，而非大气环境监测。,"['airborne lidar', 'vegetation filtering', 'coastal cliff morphodynamics']",Danghan Xie;Hironori Matsumoto;Zuzanna M. Swirad;Luc Lenain;Adam P. Young,Improved understanding of California coastal cliff morphodynamics using airborne lidar and vegetation filtering (2016–2023),
None,True,International Journal of Applied Earth Observation and Geoinformation,该论文标题和摘要明确涉及通过基于Unet的框架进行全球范围的水散射辐射斯托克斯向量的反演。这与大气环境遥感技术密切相关，特别是涉及卫星观测和大气成分分析，因为水散射辐射是大气成分分析中的一个重要参数，而Unet是一种深度学习算法，常用于图像处理和遥感数据反演。,"['stokes vector', 'water-leaving radiance', 'Unet-based framework']",Jia Liu;Chunxia Li;Tieqiao Chen;Xinyin Jia;Siyuan Li;Bingliang Hu;Xianqiang He;Delu Pan,Global retrieval of stokes vector of water-leaving radiance via Unet-based framework,
None,True,International Journal of Applied Earth Observation and Geoinformation,该论文标题和摘要都与遥感图像处理相关，特别是语义分割，这与大气环境遥感技术中的大气成分分析、空气质量监测等领域高度相关。,"['remote sensing imagery', 'semantic segmentation', 'atmospheric composition']",Wenqi Cui;Peng Luo;Weisong Li;Xing Xu;Jiale Chen;Chuan Chen,Navigating Hierarchies in Hyperbolic Space: A Knowledge-Driven Graph Network for Semantic Segmentation of Remote Sensing Imagery,
None,True,International Journal of Applied Earth Observation and Geoinformation,该论文研究的是基于数据驱动的作物地块识别方法，虽然主要应用领域是农业，但其技术方法（如SAM模型）可以与遥感技术结合用于土地利用分类、环境监测等方面，因此在广义的遥感应用中具有一定的相关性。,"['cropland parcel recognition', 'segment anything model', 'data-driven']",Qing Geng;Kaiqi Ye;Fan Xu;Yu Meng;Miao Huang;Chunyan Yuan;Li Li;Bingbo Gao;Hu Zhou;Jianyu Yang;Ying Li;Jianxi Huang;Xiaochuang Yao,A data- and knowledge-driven cropland parcel recognition method based on segment anything model (SAM),
None,True,International Journal of Applied Earth Observation and Geoinformation,该论文研究的是基于MoE（可能指Mixture of Experts）的优化AI模型，用于获取地表温度和发射率。虽然主要关注地表参数，但地表温度和发射率是大气环境遥感技术中的重要参数，常用于反演地表热辐射、空气质量和大气成分分析。因此，该论文与大气环境遥感技术（如空气质量监测、卫星观测、大气成分分析、气溶胶反演等）有较强相关性。,"['land surface temperature', 'emissivity', 'AI model', 'MoE']",Liu Ma;Kebiao Mao;Jiancheng Shi;Sayed M. Bateni;Zhonghua Guo;Zijin Yuan,An optimization AI model based on MoE for retrieving land surface temperature and emissivity,
None,True,International Journal of Applied Earth Observation and Geoinformation,该论文使用Sentinel-1 SAR观测数据对喜马拉雅山脉的干雪进行大规模监测，涉及卫星观测和雪的遥感技术，与大气环境遥感技术（如卫星观测和地表覆盖监测）密切相关。,"['Sentinel-1 SAR', 'dry snow', 'High Mountain Asia', 'atmospheric remote sensing']",Ying Huang;Lei Huang;Tobias Bolch,Large-Scale monitoring of dry snow in High Mountain Asia (2015–2024) from Sentinel-1 SAR observations,
None,True,International Journal of Applied Earth Observation and Geoinformation,该论文研究了卫星遥感技术在监测印度西北地区秸秆焚烧方面的局限性，并探讨了近年来水稻秸秆焚烧是否减少。这与大气环境遥感技术（如卫星观测、大气成分分析）密切相关，特别是与火灾和烟雾监测相关。,"['satellite-based fire detection', 'crop residue burning', 'rice straw burning']",Prakhar Misra;Sachiko Hayashida;Masao Moriyama;Hikaru Araki,Limitations of interpreting orbiting satellite-based fire detection for crop residue burning: Has rice straw burning in northwest India decreased in recent years?,
None,False,International Journal of Applied Earth Observation and Geoinformation,该论文的主题是利用空间成像光谱技术对放牧动物资源选择进行建模，这与大气环境遥感技术（如空气质量监测、卫星观测、大气成分分析、气溶胶反演）没有直接关系。,"['spaceborne imaging spectroscopy', 'grazer resource selection', 'modeling']",Hamed Gholizadeh;Aisha Sams;M. Ny Aina Rakotoarivony;Nimalka Weerasuriya;Elizabeth Struble;Clara Freese;Andrew Shepard;Saiful Islam;Ehsan Foroutan;Tony Brown;Christian Rossi;Robert Hamilton;Samuel Fuhlendorf;Nicholas McMillan;Ran Wang;Benedicte Bachelot;John Gamon,Spaceborne imaging spectroscopy advances modeling of grazer resource selection,
None,True,International Journal of Applied Earth Observation and Geoinformation,该论文涉及P波段PolInSAR技术，用于森林高度反演，这是大气环境遥感技术中的一个重要应用领域，特别是卫星观测和大气成分分析方面。,"['P-band PolInSAR', 'forest height inversion', 'backscatter framework']",Lei Wang;Linping Yang;Gaoyun Shen;Junyi Liu;Junnan Xiong;Lin Fu;Li Zeng;Bing Yu;Chongchong Ye,PG-GVB: A prior constrained backscatter framework for P-band PolInSAR forest height inversion,
None,True,International Journal of Applied Earth Observation and Geoinformation,该论文研究的是利用神经网络自动设计高效的SAR（合成孔径雷达）船舶检测网络，用于大范围场景。虽然主要关注的是船舶检测，但SAR技术本身是大气环境遥感技术的一种，可以用于监测大气中的某些参数（如水汽、云层、气溶胶等）。因此，该论文与大气环境遥感技术有一定相关性。,"['SAR', 'ship detection', 'neural architecture search']",Huiyao Wan;Zutong Wen;Pazlat Nurmamat;Jie Chen;Yice Cao;Hongcheng Zeng;Shuai Wang;Wei Yang;Jie Chen;Zhixiang Huang;Jin Tang,Automatic design of efficient SAR ship detection networks for large-scale scenes via neural architecture search,
None,False,International Journal of Applied Earth Observation and Geoinformation,该论文的标题和摘要主要关注于城市村庄的语义嵌入双分支融合网络，与大气环境遥感技术（如空气质量监测、卫星观测、大气成分分析、气溶胶反演等）没有直接相关性。,[],Shaobo Qiu;Shi Shen;Changqing Song;Cansong Li,UVSENet: A Semantic-Embedded dual branch fusion network for urban villages mapping,
None,True,International Journal of Applied Earth Observation and Geoinformation,该论文使用卫星数据（遥感技术）来监测非洲次国家地区的NO2（一种空气污染物）暴露情况，并分析其不平等性，这与大气环境遥感技术（如空气质量监测、卫星观测、大气成分分析）密切相关。,"['satellite', 'NO2', 'population-weighted exposure', 'air quality monitoring']",Jingru Wang;Dong Liu;Tim Schwanen;Tomoki Nakaya;Ernest Agyemang;Jason Gilliland,Satellite-derived population-weighted NO<sub>2</sub> exposure and inequality across African subnational regions for SDGs 3 and 11,
None,False,International Journal of Applied Earth Observation and Geoinformation,该论文标题和摘要主要关注的是通过时空网络流L函数识别多尺度人类流动集群，与大气环境遥感技术（如空气质量监测、卫星观测、大气成分分析、气溶胶反演等）没有直接关联。,[],Zilong Zhao;Mei-Po Kwan;Zihan Kan,Identifying multi-scale human flow clusters via spatiotemporal network flow L function,
None,True,International Journal of Applied Earth Observation and Geoinformation,该论文研究的是基于低秩判别字典和全局-局部显著性权重的鲁棒高光谱异常检测技术。高光谱技术广泛应用于大气环境遥感，如空气质量监测和大气成分分析，因此该研究与大气环境遥感技术密切相关。,"['hyperspectral', 'anomaly detection', 'low-rank discriminative dictionary', 'global-local saliency weight']",Yufan Yang;Hongjun Su;Zhaoyue Wu;Hui Yang;Qian Du,Robust hyperspectral anomaly detection via low-rank discriminative dictionary and global-local saliency weight,
None,True,International Journal of Applied Earth Observation and Geoinformation,该论文标题和摘要表明其研究内容涉及卫星视频的跟踪技术，特别是地理语义正则化稀疏跟踪算法。虽然不直接提及大气环境监测或空气质量等具体领域，但卫星视频分析是大气环境遥感技术的一部分，可用于监测大气现象和成分。因此，该论文与大气环境遥感技术有一定相关性。,"['satellite videos', 'tracker', 'geo-semantic regularized sparse']",Xin Huang;Wei Qin;Yifan Liao;Pengjie Tao,GSR-Track: A Geo-Semantic Regularized Sparse tracker for satellite videos,
None,True,International Journal of Applied Earth Observation and Geoinformation,该研究利用多类别浮游植物密度反演技术评估东北部湖泊中蓝藻水华的严重程度，涉及遥感技术（卫星观测）和大气环境（湖泊水体成分分析），因此与大气环境遥感技术相关。,"['Multi-Class phytoplankton density retrieval', 'cyanobacterial bloom', 'satellite observations']",Zhaojiang Yan;Chong Fang;Kaishan Song;Ge Liu;Yunfeng Lyu;Jinpeng Shen;Shizhuo Liu,From pixels to Algae: Assessing cyanobacterial bloom severity in Northeastern lakes through Multi-Class phytoplankton density retrieval,
None,True,International Journal of Applied Earth Observation and Geoinformation,该论文虽然主要关注住宅建筑损坏评估，但使用了多模态遥感数据融合技术，这与大气环境遥感技术中的数据融合和分析方法有较强的关联，因此可以认为与大气环境遥感技术（如大气成分分析）是强相关的。,"['remote sensing', 'multimodal data fusion', 'atmospheric composition analysis']",Edmund Robbins;Nezamoddin N. Kachouie,An AI system for residential building damage estimation using multimodal remote sensing data fusion,
None,True,International Journal of Applied Earth Observation and Geoinformation,该论文研究了一种混合物理-人工智能的气溶胶特性反演算法，用于AMIGK-2A卫星，并使用深度学习辐射传输模拟器。这与大气环境遥感技术密切相关，特别是气溶胶反演和卫星观测领域。,"['aerosol property retrieval', 'AMI/GK-2A', 'deep learning', 'radiative transfer emulator']",Minseok Kim;Jhoon Kim;Hyunkwang Lim;Seoyoung Lee;Hyeji Cha;Yujin Chai;Sang Seo Park;Jun Wang,Hybrid physics–AI aerosol property retrieval algorithm for AMI/GK-2A with a deep learning radiative transfer emulator,
None,True,International Journal of Applied Earth Observation and Geoinformation,该论文研究了使用机器学习技术校正C2-Net模型，以在光复杂的小型水库中检索叶绿素-a。这与大气环境遥感技术相关，因为叶绿素-a是水体中的一种重要指标，可以通过遥感技术进行监测，而机器学习是遥感数据处理和分析中常用的方法。,"['chlorophyll-a', 'machine learning', 'optically complex small reservoirs']",Jesús A. Torrecilla-Pinero;Aurora Cuartero;José Cáceres-Merino;Victoria Amores-Chaparro;Fernando Broncano,Machine learning correction of C2-Net for chlorophyll-a retrieval in optically complex small reservoirs,
None,True,Atmospheric Environment,该论文标题和摘要明确涉及空气污染输送、吸收气溶胶指数以及卫星和地面观测的结合，这些都与大气环境遥感技术（如空气质量监测、卫星观测、大气成分分析、气溶胶反演）密切相关。,"['absorbing aerosol index', 'air pollution transport', 'satellite and ground-based observations']",Zhuo Zhang;Jian Xu;Weihe Wang;Yongmei Wang;Fei Wei;Jinghua Mao;Qian Wang;Shenyi Zhang;Xianguo Zhang;Xiuqing Hu,Characterization of air pollution transport using absorbing aerosol index from multiple payloads and synergistic satellite and ground-based observations,
None,True,Atmospheric Environment,该论文标题和摘要中都提到了大气相关生物颗粒和碳源特征，这表明研究内容与大气环境密切相关，涉及生物颗粒在大气中的分布和来源，属于大气环境遥感技术的研究范畴。,"['atmospheric', 'biological particles', 'carbon source profiles']",Ting Liu;Yulun Xiao;L.-W. Antony Chen;Junji Cao;Changlin Zhan;Mi Zhang;Jiaquan Zhang;Hongxia Liu;Zhen Wang;Dong Xiang;Xude Zhao;Xianli Liu,"Corrigendum to “Carbon source profiles for atmospheric relevant biological particles” [Atmosph. Environ. 373, (15 May 2026), 121921]",
None,True,Atmospheric Research,该论文研究了青藏高原上水分输送的时空变化及其影响降水的机制，这与大气环境遥感技术中的空气质量和大气成分分析密切相关，因为水分输送和降水是大气环境的重要组成部分，遥感技术常用于监测这些现象。,"['moisture transport', 'Tibetan Plateau', 'precipitation']",Guiping Li;Yanping Li;Zhongbo Yu;Qin Ju;Jing Yang;Zhaofeng Liu;YanYan Kang,Temporal and spatial changes in moisture transport over the Tibetan Plateau and their mechanisms influencing precipitation,
None,False,Atmospheric Research,该论文主要研究西地中海再环流单元对秋季暴雨的影响，虽然涉及大气环流和降水，但并未明确涉及大气环境遥感技术，如空气质量监测、卫星观测或气溶胶反演等。,"['western Mediterranean', 'recirculation cell', 'autumn torrential rains']",Eduardo A. Agosta;María José Estrela;David Corell;Juan J. Miró,Thermodynamic preconditioning of autumn torrential rains: The amplifying role of the western Mediterranean recirculation cell,
None,False,Atmospheric Research,该论文研究的是南非西开普省的极端降雨现象及其与阿古拉斯海流和本格拉海流的关系，主要关注气候和海洋相互作用对降水的影响，而非大气环境遥感技术，如空气质量监测或卫星观测。,"['Cut-off low', 'extreme rainfall', 'Agulhas current', 'Benguela current']",Chelsey L. Jansen;Babatunde J. Abiodun;Akintunde I. Makinde;Sabina Abba Omar,"Cut-off low–induced extreme rainfall in the Western Cape, South Africa: The roles of the Agulhas and Benguela current systems",
None,True,Atmospheric Research,该研究探讨了持续性浓雾与大气污染之间的相互作用，并基于旋翼无人机进行实地观测，这与大气环境遥感技术中的空气质量监测和大气成分分析密切相关。,"['dense fog', 'atmospheric pollution', 'rotary-wing unmanned aerial vehicles']",Duanyang Liu;Ruolan Liu;Shujie Yuan;Fan Zu;Hong Wu;Aichen Niu;Ruixiang Liu;Huizheng Che;Shuqi Yan;Hongbin Wang;Zhujun Dai,Interaction between persistent dense fog and atmospheric pollution: Based on in-situ observations of rotary-wing unmanned aerial vehicles,
None,True,Atmospheric Research,该论文研究的是河北地区层云的微物理时空变化，涉及云和降雪的观测，与大气环境遥感技术中的云和降水监测密切相关。,"['stratus cloud', 'snowfall', 'aircraft observations']",Jiefeng Li;Chuanfeng Zhao;Qinghong Zhang;Ji Nie;Xiaobo Dong;Rong Mai;Yan Yu;Jing Li;Huiwen Xue;Yikun Yang,"Case-specific spatiotemporal microphysical variability of a stratus cloud with snowfall over Hebei, China from aircraft observations",
None,True,Atmospheric Research,该论文研究了GSMaP和IMERG两种降水数据产品在中国地区的表现，利用了每日统计和事件诊断方法。这些降水数据是大气环境的重要组成部分，与空气质量监测、卫星观测等遥感技术密切相关，因此与大气环境遥感技术（如空气质量监测、卫星观测、大气成分分析、气溶胶反演等）密切相关。,"['GSMaP', 'IMERG', 'precipitation', 'China', 'daily statistics']",Chun Zhou;Haowen Li;Yinan Guo;Lingling Wu;Li Zhou,Evaluating GSMaP and IMERG precipitation over China using daily statistics and event-based diagnostics,
None,True,Atmospheric Research,该研究关注的是祁连山不同海拔高度下的雨滴大小分布特征，这与大气环境遥感技术中的空气质量监测和大气成分分析有直接关系，因为雨滴大小分布是大气化学过程的重要指标，而遥感技术常用于监测和解析这些大气参数。,"['raindrop size distribution', 'topographic heights', 'Qilian Mountains']",Han Luo;Qiang Zhang;Ping Yue;Rong Wang;Songyu Li;Xia Li,A case study on the characteristics of raindrop size distribution at different topographic heights in the Qilian Mountains,
None,False,Atmospheric Research,该论文主要研究澳大利亚热带气旋的大小变化趋势，使用的是综合观测和高分辨率再分析数据集，与大气环境遥感技术（如空气质量监测、卫星观测、大气成分分析、气溶胶反演）没有直接关系。,"['tropical cyclone', 'size', 'Australia']",Sarvesh Kumar;Savin S. Chand;Samuel S. Bell;Hamish A. Ramsay;Valentina Koschatzky;Philip J. Klotzbach;Andrew Dowdy,Assessing trends in tropical cyclone size over Australia using consolidated observations and high-resolution reanalysis datasets,
None,True,Atmospheric Research,该论文研究的是青藏高原夏季极端降水的外部强迫和内部变异归因，涉及大气环境变化和降水监测，与大气环境遥感技术（如卫星观测和大气成分分析）密切相关。,"['extreme precipitation', 'Tibetan Plateau', 'external forcing', 'internal variability']",Guanqi Fu;Anmin Duan;Xu Yuan;Xianyi Yang,Multi-scale attribution of external forcing and internal variability to summer extreme precipitation in Tibetan Plateau,
None,True,Atmospheric Research,该论文研究中国南部沿海山区和城市地区的硝酸盐气溶胶形成机制，并基于同位素观测进行分析。这与大气环境遥感技术密切相关，特别是空气质量和气溶胶成分分析领域，因为同位素观测是遥感技术中用于追踪和识别污染物来源的重要手段。,"['nitrate aerosols', 'isotope observations', 'coastal mountain', 'urban sites']",Mei-Yi Fan;Peiwen Guo;Hai Guo;Yu Wang;Changliu Wu;Yihang Hong;Xiaopu Lyu;Yan-Lin Zhang,Formation mechanisms of nitrate aerosols at coastal mountain and urban sites of southern China based on isotope observations,
None,True,Atmospheric Research,该论文研究中国近地表风速在1980-2024年间的趋势反转，涉及大气环境参数的监测和分析，与大气环境遥感技术中的空气质量监测和大气成分分析有直接关联。,"['wind speed', 'atmospheric', 'China']",Xi Chen;Jiayi Nie;Wentian Qiu;Qinghong Zhao;Hairong Li;Xiuhua Zhou;Chengyang Zhang;Kaiqiang Deng,Divergent trend reversals in near-surface wind speed over China during 1980–2024,
None,False,Atmospheric Research,该论文主要关注ERA5-Land模型在模拟亚热带浅湖热力学方面的性能评估，与大气环境遥感技术（如空气质量监测、卫星观测、大气成分分析、气溶胶反演）相关性较弱。,"['ERA5-Land', 'subtropical shallow lake', 'thermodynamics']",Wei Wang;Zihan Zhu;Mi Zhang;Heng Lyu;Zhiwen Wen;Bo Wang;Qiuxiang Jin;Zhen Zhang;Taikan Oki;Xuhui Lee,Performance evaluation of ERA5-Land in simulating thermodynamics of a subtropical shallow lake against long-term observations,
None,True,Atmospheric Research,该论文研究北太平洋夏季内季节性波对北美气温和极端高温的影响，这与大气环境遥感技术中的空气质量监测和大气成分分析密切相关，因为气温和极端高温是大气环境的重要指标，而遥感技术可以用于监测这些现象。,"['North Pacific intraseasonal waves', 'North American air temperatures', 'heat extremes']",Lei Du;Riyu Lu;Shanjun Luo;Chuandong Zhu;Yuhan Yan,Summer North Pacific intraseasonal waves drive North American air temperatures and heat extremes,
None,True,Atmospheric Research,该论文研究的是超级台风利奇马快速增强过程中不同水汽凝结物物种对云-辐射强迫的影响，涉及大气成分分析和云辐射相互作用，与大气环境遥感技术（如卫星观测和大气成分分析）密切相关。,"['cloud-radiation forcing', 'super Typhoon', 'hydrometeor species', 'atmospheric composition']",Lyu Leyang;Xinyan Lyu;Melinda Peng;Xuyang Ge,Distinct cloud-radiation forcing of hydrometeor species during the rapid intensification of super Typhoon Lekima (2019),
None,True,Atmospheric Research,该论文研究了沿海青岛和西北太平洋海洋的雨水中细菌的环境驱动因素，涉及大气环境中的微生物成分，与大气环境遥感技术中的空气质量监测和大气成分分析有一定关联，因此相关性较强。,"['rainwater bacteria', 'coastal Qingdao', 'Northwest Pacific Ocean']",Xiaoyu Wang;Yuanzhe Ni;Yangfei Ai;Zhongyu Diao;Jianhua Qi,Environmental drivers of rainwater bacteria over coastal Qingdao and the Northwest Pacific Ocean,
None,False,Atmospheric Research,该论文研究的是西风对青藏高原夏季降水年际变化的影响，主要关注气候和气象学方面的内容，与大气环境遥感技术（如空气质量监测、卫星观测、大气成分分析、气溶胶反演等）没有直接关系。,"['westerlies', 'interannual variability', 'precipitation', 'Tibetan Plateau']",Xin Mao;Xingwen Jiang;Huimei Wang;Jiaxin Ye;Yiwei Zhang;Chao Chen,Impacts of westerlies on interannual variability of summer precipitation over the southwestern Tibetan Plateau,
None,True,Atmospheric Research,该论文研究的是在复杂地形上使用WRF模型改进湍流山地形形拖曳的表示，并考虑了稳定性依赖。虽然不直接涉及遥感技术，但与大气环境中的空气质量监测和大气成分分析有间接关系，因为地形和湍流对大气成分的分布有重要影响。,"['WRF model', 'turbulent orographic form drag', 'stability dependence']",Yulong Ma;Xingwen Jiang;Lin Mu;Qilin Wan;Zhiwei Heng,Improving the representation of turbulent orographic form drag with stability dependence in the WRF model over complex terrain,
None,True,Atmospheric Research,该论文研究了平流层臭氧侵入对东亚近地面臭氧的影响，涉及大气成分分析和气象模型模拟，与大气环境遥感技术（如空气质量监测和卫星观测）密切相关。,"['stratospheric ozone', 'near-surface ozone', 'CESM-MUSICA', 'Typhoon Lekima', 'atmospheric composition']",Yichao Zhou;Xuewei Hou;Man Yue;Chenchao Zhan,Impact of stratospheric ozone intrusion on near-surface ozone in eastern China under Typhoon Lekima: A high-resolution CESM-MUSICA simulation analysis,
None,True,Atmospheric Research,该论文研究东亚急流如何通过增强区域传输来调节中国中部地区的年代际气溶胶变化，涉及气溶胶的遥感监测和区域空气质量分析，与大气环境遥感技术密切相关。,"['jet stream', 'aerosol variability', 'Central China']",Yujie Jiang;Xiefei Zhi;Yongqing Bai;Ling Zhang;Yi Fan;Shoupeng Zhu;Tianliang Zhao,East Asian jet stream modulates interdecadal aerosol variability over Central China via enhanced regional transport,
None,True,Atmospheric Research,该论文研究了中国东北冷涡下不同强对流事件的积云特征，使用了FY-4卫星观测数据，这与大气环境遥感技术（如卫星观测和大气成分分析）密切相关。,"['FY-4', 'convective clouds', 'severe convective events']",Yang Gao;Xiaoyong Zhuge;Xi Wang;Xiaowen Zhang,Characteristics of convective clouds associated with different severe convective events under Northeast China Cold Vortex revealed by FY-4 observations,
None,True,Atmospheric Research,该论文研究印度地表相对湿度，特别是东北地区的趋势和归因，涉及大气环境监测和遥感技术，与空气质量监测和卫星观测密切相关。,"['surface relative humidity', 'India', 'North Eastern Region']",Rohit Gautam,"Analysis of surface relative humidity over India with special emphasis on the North Eastern Region: Data validation, trends and attribution",
None,True,Atmospheric Research,该论文研究大气河流如何调节季风亚洲的水汽气候，涉及大气现象和区域气候分析，与大气环境遥感技术中的大气成分分析和气候监测相关。,"['atmospheric rivers', 'hydrometeor climatology', 'Monsoon Asia']",Mingzhu Li;Ju Liang,How atmospheric rivers modulate hydrometeor climatology over Monsoon Asia,
None,True,Atmospheric Research,这篇论文研究了泰国地表层湍流中的惯性行为临界粒径阈值，这对PM2.5和粗颗粒空气质量的建模有重要意义。虽然不直接涉及遥感技术，但其研究内容与空气质量和大气成分分析密切相关，因此可以认为与大气环境遥感技术有较强的关联。,"['PM2.5', 'air-quality modelling', 'particle-size threshold']",Chalermpol Wangsomcholk,Critical particle-size threshold for inertial behaviour in Thai surface-layer turbulence: Implications for PM<sub>2.5</sub> and coarse-particle air-quality modelling,
None,True,Atmospheric Research,该论文标题和摘要涉及台风的快速路径和强度变化，这与大气环境遥感技术密切相关，特别是通过大气成分分析和卫星观测来研究台风。,"['typhoon', 'atmospheric', 'track changes']",Pin-Hong Chen;Ching-Yuang Huang,Can a cutoff low cause rapid track and intensity changes of typhoon hinnamnor (2022)?,
None,True,Atmospheric Research,该论文研究了热带气旋对长江中下游夏季复合高温干旱事件的影响，这与大气环境遥感技术中的空气质量监测和大气成分分析相关，因为热带气旋和高温干旱事件都会影响大气成分和空气质量。,"['tropical cyclones', 'summer compound hot and dry events', 'Yangtze River']",Jianqian Li;Chao Wang;Yuqin Wu;Liguang Wu;Haikun Zhao;Jian Cao,Track-dependent impacts of tropical cyclones on summer compound hot and dry events over the middle and lower reaches of the Yangtze River,
None,True,Atmospheric Research,该论文研究了Liupan山顶的气溶胶数量大小分布和谱拟合，这与大气环境遥感技术中的空气质量和大气成分分析密切相关，因此高度相关。,"['aerosol', 'size distribution', 'Mount Liupan']",Hejue Zhao;Zhuolin Chang;Jianren Sang;Liren Xu;Zezhong Sun;Run Luo;Le Jia;Ning Cao;Haoran Zhu;Yanbo Dai;Longyan Li;Jun Zhang;Wei Deng;Tianxue Wen;Kai Bi;Jiming Sun,Characteristics of aerosol number size distribution and spectrum fitting at the summit of Mount Liupan,
None,True,Atmospheric Research,该论文研究了北极平流层臭氧的变化如何驱动北大西洋海表温度偶极和欧亚气候遥相关，涉及大气成分分析和气候变化，与大气环境遥感技术密切相关。,"['ozone', 'North Atlantic SST', 'Eurasian climate']",Dingzhu Hu;Cuiting Zhao;Huimin Zhang,Arctic stratospheric ozone variability drives North Atlantic SST dipole and Eurasian climate teleconnections,
None,True,Atmospheric Research,该论文研究了GPM IMERG卫星数据在西班牙东部Comunitat Valenciana地区亚日降水极端事件中的性能限制，涉及卫星观测技术和降水分析，与大气环境遥感技术（如卫星观测和降水监测）密切相关。,"['GPM IMERG', 'sub-daily precipitation extremes', 'Comunitat Valenciana']",Marc Semper;Manuel Curado;Jose F. Vicent;Leandro Tortosa,"Performance limits of GPM IMERG for sub-daily precipitation extremes over the Comunitat Valenciana, eastern Spain: Representativeness, attenuation, and pixel-scale displacement",
None,True,Atmospheric Research,该论文研究的是比利牛斯山脉冬季暖事件及其对积雪融化的影响，涉及大气环流驱动因素和大气组成变化，与大气环境遥感技术（如大气成分分析）有较强关联。,"['synoptic drivers', 'snowmelt impacts', 'atmospheric composition']",Josep Bonsoms;Roberto Serrano-Notivoli,Winter warm spells in the pyrenees: synoptic drivers and snowmelt impacts (1960–2024),
None,True,Atmospheric Research,该论文标题和摘要明确涉及使用卫星技术来分析地面NO2的气象动力学和排放足迹，这与大气环境遥感技术（如空气质量监测、卫星观测、大气成分分析、气溶胶反演）密切相关。,"['satellite', 'NO2', 'meteorological dynamics', 'emission footprints']",Mingbin Guo;Jianzhou Gong;Yuangong Chen;Yuqing Jian;Weifeng Xiao;Shikuan Wang,A satellite-constrained two-stage spatiotemporal framework for disentangling meteorological dynamics and emission footprints of ground-level NO<sub>2</sub>,
None,True,Atmospheric Research,该论文研究热带气旋中的非对称降雨估计，涉及大气环境中的遥感和气象技术，与大气成分分析和气象观测相关，因此与大气环境遥感技术 strongly related。,"['asymmetric rainfall', 'tropical cyclones', 'TCRM']",Bingyao Guo;Qingqing Li;Qi Gao;Changyu Zhao;Ruyan Chen,Improving asymmetric rainfall estimation in tropical cyclones: A revised TCRM,
None,True,Atmospheric Research,该论文使用U-Net进行空间协同校正，涉及网格化夏季降水预报，属于大气环境遥感技术范畴，与空气质量监测、卫星观测等密切相关。,"['U-Net', 'spatial synergistic correction', 'gridded precipitation forecasts', 'atmospheric environmental remote sensing']",Guangxin He;Wei Wu;Zhigang Zhang;Zhanshan Ma;Juanzhen Sun;Haonan Chen;Jingjia Luo,U-Net-based spatial synergistic correction of gridded summer precipitation forecasts for CMA-MESO in Central China,
None,True,Atmospheric Research,该论文研究东北中国冷涡的结构和能量转换，并探讨了干侵入对不同类型强降雨分布的影响。虽然不直接提及遥感技术，但研究涉及大气成分和气象现象，与大气环境遥感技术（如卫星观测和天气监测）有相关性。,"['cold vortices', 'heavy rainfall', 'dry intrusion']",Yining Shen;Lijuan Wang;Zhaoyong Guan;Weijie Zeng;Xiaowen Zhao,Structure and energy conversion of Northeast China cold vortices with different distribution types of heavy rainfall influenced by dry intrusion,
None,True,Atmospheric Research,该论文研究地表放射性对大气电性的影响，涉及大气电性和稳定边界层条件，与大气环境遥感技术中的大气成分分析和空气质量监测有一定关联，因为大气电性可以作为大气成分和污染状况的指示器。,"['atmospheric electricity', 'stable boundary layer', 'radioactivity']",K.A. Nicoll;O. O'Neill;C. Miller;J. Paatero;T. Ulich,Surface radioactivity influences on atmospheric electricity during stable boundary layer conditions,
None,True,Atmospheric Research,该论文研究使用ICON百米尺度集合预报对流风暴的技巧提升，涉及大气科学中的数值模拟和集合预报技术，与大气环境遥感技术中的风暴监测和预报相关，因此相关性较强。,"['convective storm', 'ICON', 'hectometric-scale ensembles']",Matteo Siena;Thomas Gastaldo;Chiara Marsigli;Paolo Ruggieri;Silvana Di Sabatino,Improving forecast skill of a convective storm using ICON hectometric-scale ensembles,
None,True,Atmospheric Research,该论文使用卫星技术评估伊朗东部的沙尘暴，并关注其跨界影响，这与大气环境遥感技术（如空气质量监测、卫星观测、大气成分分析、气溶胶反演）密切相关。,"['satellite-based', 'dust storms', 'Eastern Iran', 'transboundary impacts']",Ali Darvishi Boloorani;Masoud Soleimani;Nastaran Nasiri;Fatemeh Amiri;Najmeh Neysani Samany;Ali Al-Hemoud;Iraj Gholami;Kan Huang,Satellite-based assessment of dust storms originating from Eastern Iran with measurable transboundary impacts,
None,True,Atmospheric Research,该论文研究了土壤湿度对夏季中国北方亚季节性降水预报的影响，使用了CWRF模型。虽然它不直接涉及大气环境遥感技术，但与大气科学和环境监测相关，因为降水和土壤湿度是大气环境的重要组成部分。,"['soil moisture', 'subseasonal precipitation forecasts', 'CWRF model']",Chenyi Zhang;Minghao Wang;Yong Luo;Qingquan Li;Lili Dong;Kailu Yu,Effects of soil moisture on subseasonal precipitation forecasts in North China during summer: A study using CWRF model,
None,True,Atmospheric Research,该论文研究了中国特定行业对大气氮沉降效率的影响，涉及大气成分分析和污染物沉降，与大气环境遥感技术（如空气质量监测和大气成分分析）密切相关。,"['atmospheric nitrogen deposition', 'sector-specific deposition efficiency', 'China']",Shangyi Wang;Yiheng Wang;Guochao Chen;Yuhao Wang;Zimeng Wang;Chenliang Tao;Hongliang Zhang,Sector-specific deposition efficiency shapes long-term changes in atmospheric nitrogen deposition in China,
None,True,Atmospheric Research,该研究涉及广州地区闪电 initiation 区域的垂直反射率特征，这与大气环境遥感技术（如闪电监测和大气成分分析）密切相关。,"['vertical reflectivity', 'lightning initiation', 'Guangzhou', 'atmospheric remote sensing']",Fei Wang;Wen Yao;Yang Zhang;Dong Zheng,"Characteristics of vertical reflectivity cores at lightning initiation regions over Guangzhou, China",
None,True,Atmospheric Research,该论文的标题和摘要涉及云种子和气溶胶-云相互作用，这与大气环境遥感技术密切相关，特别是空气质量监测和大气成分分析。,"['cloud seeding', 'aerosol–cloud interactions', 'air quality monitoring']",Sanhita Shende;Swapnaja Gajbhiye;Nandu B. Chaure,Cloud seeding and aerosol–cloud interactions: Environmental impacts and future perspectives,
None,False,Atmospheric Research,该论文主要关注青藏高原的高分辨率温度数据集，基于人工智能降尺度和站点校准技术，与大气环境遥感技术（如空气质量监测、卫星观测、大气成分分析、气溶胶反演）关系不大。,"['Tibetan Plateau', 'temperature dataset', 'AI downscaling']",Jianyu Wang;Yong Feng;Xingwen Jiang,Corrigendum to ‘A 3-km high-resolution daily temperature dataset over the Tibetan Plateau (1993–2023) based on artificial intelligence downscaling and station calibration’ [Atmospheric Research 341 (2026) 109100],
None,True,Atmospheric Research,该论文研究北京北部山麓地区的冬季山地-平原风循环结构及其与行星边界层方案的模拟不确定性，涉及大气环流和边界层模拟，与大气环境遥感技术（如空气质量监测和大气成分分析）密切相关，因此相关性强。,"['planetary boundary layer', 'wind circulation', 'atmospheric simulation']",Lei Zhang;Jinyuan Xin;Yongjing Ma;Xinbing Ren;Kecheng Peng;Luoqi Yang,Winter mountain-plain wind circulation structures at a Northern Beijing piedmont site: Characteristics and simulation uncertainties associated with planetary boundary layer schemes,
None,False,Atmospheric Research,该论文研究的是中太平洋年代振荡和北大西洋海表温度对9月降水的影响，与大气环境遥感技术（如空气质量监测、卫星观测、大气成分分析、气溶胶反演）没有直接关系。,"['Pacific Decadal Oscillation', 'North Atlantic Sea surface temperatures', 'precipitation']",Yuanyuan Zhou;Jianqi Sun;Mengqi Zhang;Yixi Liu,Interdecadal changes of September precipitation over Central China: The synergistic effect of Pacific Decadal Oscillation and North Atlantic Sea surface temperatures,
None,True,Atmospheric Research,该论文研究的是巴塔哥尼亚地区月度网格化降水产品的时空性能，与大气环境遥感技术中的降水监测和大气成分分析相关，因此具有相关性。,"['precipitation', 'Patagonia', 'gridded precipitation products']",Santino Adduca;Santiago I. Hurtado;Natalia L. Pessacg;Leandro B. Díaz;Lorenzo Ricetti;Martín Jacques-Coper,Spatio-temporal performance of monthly gridded precipitation products in Patagonia,
None,True,Atmospheric Research,该论文研究了华南沿海地区锋面和暖区暴雨的雨滴大小分布微观物理机制，这与大气环境遥感技术中的空气质量监测和大气成分分析密切相关，尤其是通过遥感手段获取雨滴分布数据来分析大气过程。,"['raindrop size distribution', 'frontal rainfall', 'warm-sector rainfall', 'Coastal Southeast China', 'microphysical mechanisms']",Mingrui Guo;Wen Lin;Jingjing Lv;Chenglong Gong;Qing Duan;Jingxi Sun;Pengcheng Lin;Chunsong Lu;Yiqi Chen,Distinct raindrop size distribution microphysical mechanisms of frontal and warm-sector heavy rainfall in Coastal Southeast China,
None,True,Atmospheric Research,该论文研究南极Belgrano II站的大气臭氧长期变化，涉及大气成分分析和监测，与大气环境遥感技术密切相关。,"['tropospheric ozone', 'atmospheric variability', 'Antarctica']",J.A. Adame;M. Navarro-Comas;H. Ochoa;C. Prados-Roman;M. Yela,"Synoptic-scale drivers of long-term tropospheric ozone variability at Belgrano II station, Antarctica",
None,True,Atmospheric Research,该研究关注中国南部夏季气温异常的内部季节性模式及其可预测信号，涉及大气成分分析，与大气环境遥感技术相关。,"['air temperature anomalies', 'Southern China', 'atmospheric composition']",Zikang Jia;Zhihai Zheng;Guolin Feng,The main intraseasonal modes of summer air temperature anomalies in Southern China and their corresponding predictable signals,
None,True,Atmospheric Research,该论文研究的是中欧地区风力涡轮机相关的季节性闪电现象，这属于大气环境的一部分。虽然主要关注点是雷电，但与大气现象和观测技术间接相关，因此可以认为是与大气环境遥感技术有一定关联性。,"['wind turbine', 'lightning', 'Central Europe']",M. Kákona;R. Duspara;Z. Sokol;J. Popová;J. Chum;J. Šlegl;M. Sommer;M. Lužová;R. Dvořák;V. Hanousek;J. Kákona;A. Kostinsky;I. Ambrožová;O. Ploc,Seasonal wind turbine-associated lightning in Central Europe,
None,True,Atmospheric Research,该论文研究印度洋北部热带风暴活动对东亚和西太平洋大气环流异常的影响，涉及大气环流和热带风暴等与大气环境相关的主题，因此与大气环境遥感技术相关。,"['atmospheric circulation', 'tropical storm', 'East Asia', 'Western Pacific', 'observational analysis']",Hua Chen;Xueying Meng;Boqing Wang;Tianhao Chen,Circulation anomalies over East Asia and the Western Pacific induced by tropical storm activity in the North Indian Ocean: Observational analysis,
None,True,Atmospheric Research,该论文标题和摘要明确涉及空间borne双频降水雷达技术，用于揭示不同极端降水类型的全球微物理特征。这与大气环境遥感技术密切相关，特别是降水监测和大气成分分析。,"['dual-frequency precipitation radar', 'extreme precipitation', 'spaceborne', 'atmospheric microphysical characteristics']",Yanghua Liu;Zinian Wang;Xiang Ni,Global distinct microphysical characteristics of various extreme precipitation types revealed by the spaceborne dual-frequency precipitation radar,
None,True,Atmospheric Research,该论文研究的是中亚地区云水路径的时空特征和长期趋势，云水路径是大气成分分析中的一个重要参数，与大气环境遥感技术（如卫星观测和空气质量监测）密切相关。因此，该论文与大气环境遥感技术 strongly related。,"['cloud water path', 'Central Asia', 'atmospheric composition']",Zepeng Tong;Ping Chen;Yong Zeng;Ali Mamtimin;Zhanshan Ma;Zhigang Zhang,The temporal and spatial characteristics and long-term trends of cloud water path in Central Asia,
None,False,Atmospheric Research,该论文关注的是巴西马拉尼昂州雨季期间干旱期的时空变化，主要研究气象和气候现象，与大气环境遥感技术（如空气质量监测、卫星观测、大气成分分析、气溶胶反演等）没有直接关联。,"['dry spells', 'rainy season', 'Maranhão state']",Wellington Cruz Corrêa;Andreza Maciel de Sousa;João Valério de Souza Neto;Andressa Carvalho de Sousa;Edvaldo Sagrilo;José Oscar Lustosa de Oliveira Júnior;José Francisco de Oliveira-Júnior;Nítalo Andre Farias Machado,"Spatiotemporal variability of dry spells during the rainy season in Maranhão state, Brazil",
None,True,Atmospheric Research,该论文标题和摘要明确涉及海洋表面风场偏差校正，使用深度学习方法，这与大气环境遥感技术（如卫星观测和大气成分分析）密切相关，因为风场是大气环境的重要参数，对空气质量监测和气候研究有重要意义。,"['sea surface wind field', 'bias correction', 'deep learning']",Chen Zhang;Shuqin Liang;Jianxin Wang;Bo Liu;Yahui Liu;Tao Song;Yuhang Zhu,WindFormer: Spatio-temporal deep learning for refined sea surface wind field bias correction,
None,True,Atmospheric Research,该论文的标题和摘要明确涉及微波卫星观测模拟，以及微小水滴对观测的影响。这与大气环境遥感技术密切相关，特别是卫星观测和大气成分分析领域。,"['microwave satellite observation', 'water droplet absorption', 'atmospheric remote sensing']",Yuxuan Feng;Jieying He;Gang Ma;Zongru Yang;Chao Zhang,The impact of minute water droplet absorption on microwave satellite observation simulation,
None,True,Atmospheric Research,该论文标题和摘要明确涉及卫星降水监测及其偏差校正和区域化处理，属于大气环境遥感技术范畴，具体与卫星观测和大气成分分析相关。,"['satellite precipitation', 'bias correction', 'regionalization']",Moein Tosan;Vahid Nourani;Vijay P. Singh;Ozgur Kisi;Jan Franklin Adamowski;Yongqiang Zhang;Mohammad Reza Alizadeh,Synoptic-aware explainable artificial intelligence (SA-XAI) model for bias correction and regionalization of satellite precipitation over complex terrain,
None,True,Atmospheric Research,该论文与大气环境遥感技术相关，因为它是关于基于卫星的全球降水估计的研究，而降水是大气成分的一部分，卫星遥感技术常用于监测和估计大气成分。,"['satellite-based', 'global precipitation estimates', 'uncertainties']",Pengsheng Li;Xiao-Feng Li;Jingjing Yu;Song Yang,Declining uncertainties in satellite-based global hourly and daily precipitation estimates,
None,True,Atmospheric Research,该论文研究城市扬尘事件，涉及风致再悬浮现象，与大气环境遥感技术中的空气质量监测和大气成分分析密切相关。,"['urban dust', 'wind induced resuspension', 'CFD analysis']",Jakub Linda;Miroslav Šinger;Amra Hasečić;Dávid Frnda;Jiří Pospíšil,Short duration urban dust events driven by wind induced resuspension: observational evidence from a European city and inverse CFD analysis,
None,True,Atmospheric Research,该论文研究了干旱环境中的极端降水行为，虽然主要关注降水现象，但与大气环境遥感技术中的空气质量监测、大气成分分析等领域有间接关联，例如通过遥感技术监测降水对空气质量的影响。,"['extreme precipitation', 'arid environment', 'precipitation behavior']",Mohammad Reza Nikoo,From stationary to non-stationary: Characterizing extreme precipitation behavior in an arid environment,
None,True,Atmospheric Research,该论文研究的是利用低层变形动力学来定义东亚夏季锋面，这与大气环境遥感技术中的大气动力学和气候监测密切相关，属于大气环境遥感技术的研究范畴。,"['East Asian summer monsoon', 'low-level deformation', 'atmospheric dynamics']",Minwoo Kim;Eun-Chul Chang;Joowan Kim;Seok-Woo Son;Hee Choon Lee;Hyun-Suk Kang,Dynamical definition of the East Asian summer monsoon front using low-level deformation,
None,False,Atmospheric Research,该论文主要研究热带气旋增强的西南季风高降水事件，虽然涉及大气现象，但并未明确涉及大气环境遥感技术，如空气质量监测、卫星观测或大气成分分析等。,"['tropical cyclone', 'monsoon', 'precipitation', 'Philippines']",Alwin Andriel L. Bathan;Lyndon Mark P. Olaguera;Faye Abigail T. Cruz;Jose Ramon T. Villarin;John A. Manalo;Jun Matsumoto,Synoptic conditions favoring tropical cyclone-enhanced southwest monsoon high precipitation events in the Philippines,
None,True,Atmospheric Research,该论文研究了硝酸盐光解对东南沿海地区夏季白天环境中亚硝酸氧化合物（HONO）生成的影响，涉及大气成分分析和污染物来源解析，与大气环境遥感技术（如大气成分监测）密切相关。,"['nitrate', 'HONO', 'atmospheric composition']",Ziying Chen;Feng Zhang;Lingling Xu;Ziyi Lin;Xiuwen Yong;Yuping Chen;Gaojie Chen;Xiaoting Ji;Xiaolong Fan;Lingjian Wang;Mengren Li;Jinsheng Chen,Nitrate photolysis as major summer daytime sources of ambient HONO in Southeastern Coastal China,
None,True,Atmospheric Research,该论文研究台风“梅花”（2022年）在增强和减弱过程中眼壁的微物理演变，这与大气环境遥感技术中的大气成分分析和卫星观测密切相关，因为眼壁的演变直接影响台风的强度和结构，而这些信息可以通过卫星遥感技术获取和分析。,"['Typhoon', 'eyewall', 'atmospheric evolution']",Dongdong Wang;Sheng Chen;Haiyang Zhang;Wenjuan Li;Xiaoping Tu;Xiaolin Lan;Haohao Xu,Microphysical evolution of the eyewall during intensification and weakening of Typhoon Muifa (2022),
None,True,Atmospheric Research,该论文研究半干旱城市中的降水化学成分，探讨了酸度的驱动因素，这与大气环境遥感技术中的空气质量监测和大气成分分析密切相关，因为降水化学成分是评估大气污染和酸雨的重要指标。,"['precipitation chemistry', 'semi-arid city', 'acidity']",Dongqi Chen;Bing Sun;Haijun Zhou;Wenjing Sun;Huifang Ren;Ying Sun;Xiaoqin Zhao;Xiaotao Fu;Zhonghua Li,Precipitation chemistry in a semi-arid city: Insights from the driving factors of acidity,
None,True,Atmospheric Research,该论文研究的是在波河平原地区的一次强冰雹事件，使用了观测数据和WRF模型进行分析，这与大气环境遥感技术中的大气成分分析、气象观测等密切相关，因此相关性较高。,"['hail event', 'WRF model', 'atmospheric observation']",Antonio Ricchi;Olivia Vashti Ayim;Pier Paolo Alberoni;Rossella Ferretti,Analysis of an intense hail event in the Po Valley using observation and WRF model,
None,True,Atmospheric Research,该论文研究高海拔青藏高原城市站点的有机气溶胶季节性差异、分子驱动因素和光吸收特性，这与大气环境遥感技术（如空气质量监测、大气成分分析）密切相关，因此是相关的。,"['organic aerosols', 'Tibetan Plateau', 'light absorption properties']",Lijuan Qi;Yanhui Ha;Xiaotong Wang;Junchao Zhao;YanLin Zhang;Huan Liu;Rong Chen,Distinct seasonality of organic aerosols at a high-altitude Tibetan Plateau urban site: Molecular drivers and light absorption properties,
None,True,Atmospheric Research,该研究涉及海风动力学对海表温度异常的敏感性，这与大气环境遥感技术中的大气成分分析和区域气象监测相关，但主要关注的是海气相互作用而非空气质量监测或卫星观测技术本身。,"['sea breeze', 'SST anomalies', 'Northern Yucatán Peninsula']",E. Salcedo;J.C. Cajas;C. Treviño;I. Mariño-Tapia;L. Martínez-Suástegui,Sensitivity of sea breeze dynamics to uniform and localized SST anomalies over the Northern Yucatán Peninsula,
None,True,Atmospheric Research,该论文研究了使用WRF模型和尺度感知积云方案对东亚夏季降雨预报的影响，涉及大气科学和气象学领域，与大气环境遥感技术（如气象观测和预报）密切相关。,"['WRF', 'scale-aware cumulus schemes', 'summer rainfall forecast']",Weiguang Liu;Xin Li;Hao Miao;Shiwei Sun;Wenru Shi;Kefeng Zhu,Sensitivity of summer rainfall forecast over eastern China to horizontal resolutions: A study using scale-aware cumulus schemes in WRF,
None,False,Atmospheric Research,该论文的标题和摘要主要讨论热带南大西洋对热带北大西洋海面温度的调制作用，以及其与西太平洋热带气旋生成的关系，这与大气环境遥感技术（如空气质量监测、卫星观测、大气成分分析、气溶胶反演等）没有直接关联。因此，该论文不属于强相关领域。,[],Lingling Zhang;Jinjie Song;Philip J. Klotzbach;Qingyuan Liu,Tropical South Atlantic modulation of the tropical North Atlantic sea surface temperature – western North Pacific tropical cyclone genesis relationship,
None,True,Atmospheric Research,该论文研究的是华北地区层积云降水事件的微物理特性，涉及冰晶的冻结和融化过程，这与大气环境遥感技术中的云和降水监测密切相关。层积云和降水过程是大气成分和空气质量监测的重要研究对象，因此该论文与大气环境遥感技术密切相关。,"['riming', 'melting', 'stratocumulus cloud', 'precipitation event', 'North China']",Zhuoxuan Shen;Xiaoli Liu;Yan Li;Jingyuan Xiong;Kerui Min;Hengjia Cai;Nan Wang,Distinct microphysical characteristics of riming and melting processes in a stratocumulus cloud precipitation event over North China,
None,True,Atmospheric Research,该论文研究了使用雷达技术对印度核心季风区强降雨事件的分类，涉及垂直结构和时间演变，属于大气环境遥感技术中的气象观测和降雨监测领域。,"['Radar', 'rain-type classification', 'heavy-rain', 'Indian Core Monsoon Zone', 'vertical structure']",Harshad S. Hanmante;Sachin M. Deshpande;Subrata Kumar Das;Medha Deshpande,Radar-derived rain-type classification for heavy-rain episodes over the Indian Core Monsoon Zone: Insights into vertical structure and temporal evolution,
None,False,Atmospheric Research,该论文的标题和摘要主要讨论的是北大西洋冷水异常对南亚高压中心长期东移的影响，属于气候科学和气象学的范畴，与大气环境遥感技术（如空气质量监测、卫星观测、大气成分分析、气溶胶反演等）没有直接关系。因此，该论文与大气环境遥感技术不相关。,[],Ran Duan;Kai Qie;Tao Wang;Jiakang Duan;Mingzhen Gu;Jiali Luo,North Atlantic cold SST anomaly contributes to the long-term eastward shift of the South Asian High center,
None,True,Atmospheric Research,该论文研究的是春季亚洲急流作为西太平洋台风活动的先驱现象的可观测性，涉及大气环境中的气象现象和观测技术，与大气环境遥感技术（如卫星观测、气象现象分析）密切相关。,"['Asian-jet', 'western North Pacific typhoon', 'observability']",Zi-Liang Li;Xiao-Ran Wu,Pathway-dependent observability of a spring Asian-jet precursor for western North Pacific typhoon activity,
None,True,Atmospheric Research,该论文研究的是长江三角洲地区过去十年PM2.5污染事件与主导天气模式的关系，涉及空气质量和气象模式分析，与大气环境遥感技术（如空气质量监测、卫星观测）密切相关。,"['PM2.5', 'synoptic weather patterns', 'Yangtze River Delta']",Zhongrui Xie;Lili Shi;Xianman Ye;Qifan Shuai;Yaofu Zhu;Xiyao Chen;Ben Ye;Liang Xu;Min Gao;Shupeng Zhu;Shoujuan Shu;Renguang Wu;Weijun Li,Evolution of dominant synoptic weather patterns associated with PM<sub>2.5</sub> pollution events in the Yangtze River Delta over the past decade,
None,True,Atmospheric Research,该论文研究内容涉及利用三维变分同化和深度学习代理框架进行近实时二氧化硫排放反演，这直接与大气环境遥感技术相关，特别是空气质量监测和大气成分分析。,"['SO₂ emission', 'variational assimilation', 'deep learning surrogate framework', 'China']",Hancheng Ye;Zengliang Zang;Yiwen Hu;Ning Liu,Near-real-time inversion of SO₂ emission via coupled three-dimensional variational assimilation and deep learning surrogate framework over China,
None,True,Atmospheric Research,该研究关注堪察加半岛和东亚极端寒事件期间的下游大气环流异常，涉及大气环境监测和气候模式，与遥感技术在空气质量监测和大气成分分析中的应用有直接关联。,"['atmospheric circulation', 'Kamchatka Peninsula', 'Eastern China']",Wencai Liu;Ning Shi;Huijun Wang,Contrasting downstream Kamchatka Peninsula circulation anomalies during extreme cold events over Eastern China and the upstream influence of these anomalies,
None,True,Atmospheric Research,该论文研究气溶胶向云凝结核（CCN）的活化过程，涉及气溶胶的尺寸和成分影响，这直接与大气环境遥感技术相关，特别是气溶胶和空气质量监测。,"['Aerosol', 'CCN', 'size', 'composition', 'high-altitude site']",Sachin S. Patil;Subrata Mukherjee;V. Anil Kumar;P.P. Leena;Vinayak Waghamare;M.Y. Aslam;V.S. Arun;Lalit Chaudhari;Ajit Waware;Sunil M. Sonbawne;G. Pandithurai;B. Padma Kumari,"Decoding Aerosol-to-CCN activation: Insights into size and composition effects using a long-term dataset from a high-altitude site in the Western Ghats, India",
None,True,Atmospheric Research,该论文研究了青藏高原夏季水分的年际变化机制，从拉格朗日路径的角度进行分析。虽然未明确提及卫星观测或空气质量监测等技术，但其研究对象和内容与大气环境遥感技术（如大气组成分析）密切相关，因此判定为强相关。,"['Tibetan Plateau', 'Lagrangian pathways', 'moisture variations']",Hongwen Liu;Wenshou Tian;Hao Wu;Li He;Hua Qin;Hongying Tian;Tao Wang,A mechanism of interannual variations in summer moisture over the Tibetan Plateau from the perspective of Lagrangian pathways,
None,True,Atmospheric Research,该研究关注东亚季风区热带夜间的主要环流模式，这与大气环境遥感技术中的大气成分分析和气象观测密切相关，例如通过卫星监测大气环流模式来推断空气质量或污染物分布。,"['atmospheric circulation', 'East Asian monsoon', 'tropical night']",Ruidan Chen;Wenting Lin;Siao Tang;Lan Wei,Dominant circulation patterns influencing the tropical night in the East Asian monsoon region,
None,False,Atmospheric Research,该论文的标题和摘要主要关注雨滴碰撞的结果和理论模型验证，与大气环境遥感技术（如空气质量监测、卫星观测、大气成分分析、气溶胶反演）没有直接关系。,[],Kalimur Rahman;Firat Y. Testik,Raindrop collision outcomes: Field observations and validation of the T09 theoretical regime diagram,
None,True,Atmospheric Research,该论文研究了乌兰巴托地区可溶性棕色碳的光学特性及其季节变化，以及居民固体燃料燃烧的影响。棕色碳是大气环境中的污染物，其光学特性与大气成分分析、空气质量监测密切相关，因此与大气环境遥感技术密切相关。,"['brown carbon', 'residential solid-fuel combustion', 'optical properties', 'atmospheric composition', 'air quality monitoring']",Hyeyeon Lee;Sumin Ok;Tsatsral Batmunkh;Jinsang Jung,"Seasonal variability and residential solid-fuel combustion influence on the optical properties of water-soluble brown carbon in Ulaanbaatar, Mongolia",
None,True,Atmospheric Research,该论文研究了黎凡特地区冬季持续干旱的变异性，涉及印度洋偶极子的影响，这属于大气环境变化的研究范畴，与大气环境遥感技术（如大气成分分析、气候变化监测）密切相关。,"['Indian Ocean dipole', 'winter persistent dry spells', 'atmospheric variability']",Sigalit Berkovic;Victor Murphy;Assaf Hochman,Unraveling the variability of winter persistent dry spells in the levant via the Indian Ocean dipole,
None,True,Atmospheric Research,该论文研究了帕米尔高原复杂地形中的降水随海拔的变化特征和机制，涉及大气成分和地形对降水的影响，与大气环境遥感技术中的大气成分分析和空气质量监测相关。,"['precipitation', 'atmospheric composition', 'plateau terrain']",Mengying Yao;Junqiang Yao;Weiyi Mao;Jing Chen;Jiangang Li,Elevation-dependent precipitation in the complex Terrain of Eastern Pamir Plateau: Characteristics and mechanisms,
None,False,Atmospheric Research,该论文主要关注的是全球河流域中干旱热事件的驱动因素和复合效应，与大气环境遥感技术（如空气质量监测、卫星观测、大气成分分析、气溶胶反演等）相关性较低。研究内容主要集中在水文和气候领域，而非大气遥感技术。,"['drought', 'river basins', 'multivariate']",Xin Feng;Weizhi Gao;Zhaoli Wang;Xushu Wu;Yuxiang Zhao;Jiajin Feng;Josep Peñuelas;Jordi Sardans,Quantifying drivers and compound effects of multivariate drought heat events in global river basins,
None,True,Atmospheric Research,该论文研究了西北地区背景区域的垂直气溶胶分布以及区域传输的影响，使用了地面激光雷达技术，这与大气环境遥感技术（如气溶胶遥感、空气质量监测）密切相关。,"['vertical aerosol profiles', 'ground-based lidar', 'regional transport']",Kai Cheng;Xia Li;Yaqiong Kuang;Yuting Zhong;Haiyang Cai;Shuting Li,Vertical aerosol profiles and the impact of regional transport in a background region of Northwest China: Insights from ground-based lidar,
None,False,Atmospheric Research,该论文的主题是拉普拉塔盆地雷暴的短期可预测性，主要关注大气现象的预测，而不是大气环境遥感技术，如空气质量监测、卫星观测或大气成分分析。,"['thunderstorms', 'La Plata Basin', 'atmospheric predictability']",Gabriel Elias Mandanda;Maria Assunção Faus da Silva Dias;Marlon Sproesser Mathias,Short-term predictability of thunderstorms in the La Plata Basin,
None,True,Atmospheric Research,该论文研究沙特阿拉伯雷暴环境的改变，涉及大气环境的频率、变化和驱动因素，与大气环境遥感技术（如卫星观测、大气成分分析）密切相关。,"['thunderstorms', 'atmospheric environment', 'frequency', 'variability', 'drivers of change']",Moutassem El Rafei;Andrew Dowdy;Mazen E. Assiri;Md. Arfan Ali;Muhammad Haroon Siddiqui;Sajjad Saeed;Saeed Ahmad Alghamdi;Shamsuddin Shahid,"Changing thunderstorms environments in Saudi Arabia: Frequency, variability and drivers of change",
None,True,Atmospheric Research,该论文研究的是印度恒河和亚穆纳河流域极端降雨事件在近几十年的时空关联和同步性变化，这与大气环境遥感技术中的降水监测和大气成分分析密切相关。极端降雨事件是大气环境研究的重要指标，而遥感技术是监测这类事件的关键手段。,"['extreme rainfall', 'Ganga River Basin', 'Yamuna River Basin']",Ripunjay Pandey;Pragati Prajapati;Ashish Kumar Meena;Akshay Singhal;Sanjeev Kumar Jha;Kundan Kandhway,Changes in the spatial connection and synchronization of extreme rainfall events in recent decades over the Ganga and Yamuna River Basins of India,
None,True,Atmospheric Research,该论文研究了气溶胶散射辐射效应对臭氧垂直结构的影响，涉及大气成分分析和遥感技术，因此与大气环境遥感技术密切相关。,"['aerosol scattering', 'radiative effect', 'ozone vertical structure', 'Pearl River Delta']",Boru Mai;Xuejiao Deng;Ying Li;Tao Deng;Tushi Yang;Haoxiang Xu;Xia Liu;Tingyuan Li;Naixiu Sun;Jun Zhou;Qibin Sun;Guowen He;Jieyi Li,The aerosol scattering radiative effect significantly impacts the ozone vertical structure: A case study in the Pearl River Delta region of China,
None,True,Atmospheric Research,该论文研究非洲的复合气候极端事件及其时空变异性与相关的大气环流，与大气环境遥感技术中的大气成分分析和气候变化监测密切相关，因此具有相关性。,"['climate extremes', 'atmospheric circulations', 'spatiotemporal variability', 'Africa']",Mhenzi Fredy;Huixin Li;Jiani Zeng;Anqin Tan;King’uza Henry;Mtupili Msafiri;Semgomba Daniel;Madundo Albert;Bakar Mohammed,Compound climate extremes in Africa: Spatiotemporal variability and associated atmospheric circulations,
None,True,Atmospheric Research,该论文的标题和摘要明确涉及大气模拟和降水过程，虽然不直接提及遥感技术，但其研究内容与大气环境监测（如降水模式模拟）相关，因此可以认为与大气环境遥感技术有一定关联。,"['Arakawa–Schubert convection scheme', 'East Asian summer precipitation', 'atmospheric simulation']",Shu Gui;Ruowen Yang;Lei Cai;Yali Yang;Ying Ming;Yu Lian;Meng Li;Kexu Zhu;Hao Zeng,Enhanced simulation of East Asian summer precipitation with a revised simplified Arakawa–Schubert convection scheme,
None,True,Atmospheric Research,该论文研究的是比利牛斯山脉冬季降雨对积雪的影响，涉及气候变化和大气条件，与大气环境遥感技术中的空气质量监测和大气成分分析有一定关联。,"['Pyrenees', 'rain-on-snow', 'climate change', 'atmospheric conditions']",Josep Bonsoms,Toward more frequent winter rain-on-snow events in the Pyrenees,
None,False,Atmospheric Research,该论文研究的是大西洋和太平洋的热含量变化对欧亚冬季变暖的影响，主要涉及海洋热含量和气候变化，与大气环境遥感技术（如空气质量监测、卫星观测、大气成分分析、气溶胶反演）没有直接关联。,"['heat content', 'ocean', 'Eurasian winter warming']",Jianghan Zhao;Bingyi Wu,Synchronized subpolar North Atlantic and North Pacific upper ocean heat content transition has driven Eurasian winter warming since 2013,
None,True,Atmospheric Research,该论文研究北美夏季气溶胶的时空分布及其对云宏观物理性质的影响，直接涉及大气环境遥感技术中的气溶胶和云物理特性分析，属于遥感监测和大气成分分析的范畴。,"['Aerosol', 'cloud macrophysical properties', 'North America']",Cheng-Hsiang Chang;W. Patrick Arnott;Xiyue Zhang,Aerosol spatiotemporal patterns and their impacts on cloud macrophysical properties during summer in North America,
None,True,Atmospheric Research,该论文研究西北中国在夏季降水昼夜循环的相位分类及其与地形的关系，涉及大气环境监测和遥感技术，特别是通过分析降水模式来理解大气过程，与空气质量监测、卫星观测等方向相关。,"['precipitation', 'diurnal cycle', 'topography']",Zixing Kang;Ya Huang;Yanping Li;Dingjia Ye;Guiping Li,Phase-based classification of the diurnal cycle of summer precipitation over Northwest China and its coupling with topography,
None,True,Atmospheric Research,该论文使用SODAR（声波测风仪）观测了勒威德西部高斯大气边界层的动力学，这与大气环境遥感技术（如大气成分分析、边界层监测）密切相关，因此是相关的。,"['SODAR', 'atmospheric boundary layer', 'Leeward Western Ghats']",Rani P. Pawar;Dada P. Nade;Omkar M. Patil;Ravi T. Waghmare;Thiyagesan Dharmaraj;Sambhaji M. Pawar;Hamza Varikoden;Sachin S. Panhalkar,Initial results on atmospheric boundary layer dynamics over the Leeward Western Ghats from SODAR observations at Atigre,
None,True,Atmospheric Research,该论文研究了天山山脉地区的降雪云微物理特性，使用了GPM DPR（全球降水测量任务的双频降水雷达）观测数据。这与大气环境遥感技术密切相关，特别是通过卫星观测来分析大气成分和降水过程。,"['GPM DPR', 'snowfall clouds', 'Tianshan mountains']",Jiangeng Wang;Ziyan Luo;Li Guan;Chang He;Hanyu Hu;Chao Lv;Xingyu Yang;Hanshan Bao,Microphysical characteristics of snowfall clouds over the Tianshan mountains based on GPM DPR observations,
None,True,Atmospheric Research,该研究探讨了高海拔气溶胶吸湿性对华北平原云微物理过程的影响，使用了WRF fast-SBM模型进行模拟，与大气环境遥感技术中的气溶胶和云物理监测密切相关。,"['aerosol hygroscopicity', 'cloud microphysics', 'North China Plain', 'WRF fast-SBM modeling']",Qian Gao;Hui He;Xiang'e Liu;Yan Yang;Rong Yuan;Ping Tian;Kai Bi;Fei Wang;Jiujiang Sheng;Yongqing Wang,Impacts of high-altitude aerosol hygroscopicity on cloud microphysics in the North China Plain: A WRF fast-SBM modeling study,
None,True,Atmospheric Research,该论文研究厄尔尼诺-南方涛动（ENSO）与季风 teleconnections 的多尺度诊断，涉及从印度降雨和温度变异性中获取频谱、相干性和小波洞察，这与大气环境遥感技术（如大气成分分析、气候监测）密切相关。,"['ENSO', 'monsoon', 'spectral coherence', 'wavelet', 'Indian rainfall']",Guhan Velusamy;Dharma Raju Akasapu;Nagaratna Kopparthi;Sheshakumar Goroshi,"Multi-scale diagnostics of ENSO–monsoon teleconnections: Spectral, coherence, and wavelet insights from Indian rainfall and temperature variability",
None,True,Atmospheric Research,该论文研究了东藏高原云底高度的变化特征，使用了地面激光雷达和ERA5再分析数据进行对比，这与大气环境遥感技术中的空气质量监测、卫星观测、大气成分分析、气溶胶反演等密切相关。,"['cloud base height', 'ground-based lidar', 'ERA5 reanalysis', 'atmospheric remote sensing']",Hongmei Ji;Jian Li;Dan Li;Hao Wu;Jian Li,Diurnal and monthly characteristics of cloud base height over the Eastern Tibetan Plateau: An intercomparison of ground-based lidar and ERA5 reanalysis,
None,False,Atmospheric Research,该论文主要关注意大利南部三个地区的降雨格局和季节性变化，虽然涉及大气环境，但并非直接与遥感技术（如空气质量监测、卫星观测、大气成分分析或气溶胶检索）相关。,"['rainfall regime', 'seasonality changes', 'semi-arid Mediterranean']",Matteo Ippolito;Paolo Nasta;Andreas Langousis;Marcella Cannarozzo;Nunzio Romano;Roberto Deidda;Dario Pumo,Rainfall regime and seasonality changes in semi-arid Mediterranean areas: Evidence from three regions of southern Italy (1922–2022),
